point,date,time,first_det,song,distance
1201,6/28/2014,446,9,0,30
1201,6/9/2014,485,7,1,75
1201,6/9/2014,485,8,1,85
1201,5/31/2012,443,4,1,90
1201,6/18/2013,368,0,1,35
1201,6/26/2014,441,0,1,90
1201,7/15/2014,463,8,1,25
1201,6/28/2014,446,0,1,85
1201,6/30/2012,409,0,1,15
1201,6/30/2012,409,0,1,20
1201,5/31/2012,443,7,1,40
1201,6/18/2012,486,5,1,35
1202,7/7/2013,531,0,1,35
1202,7/7/2013,531,0,1,90
1202,6/18/2013,359,0,1,40
1202,6/30/2012,387,8,0,25
1202,6/26/2014,472,0,1,65
1202,6/26/2014,472,0,1,70
1202,6/18/2012,514,2,1,45
1202,6/28/2014,419,1,1,80
1202,6/26/2014,472,0,1,45
1203,6/18/2013,469,0,1,70
1203,7/7/2013,480,0,1,35
1203,6/26/2014,492,0,1,75
1203,6/26/2014,492,0,1,50
1203,6/18/2012,535,4,1,95
1203,6/26/2014,492,3,1,45
1203,6/28/2014,396,9,0,55
1203,5/31/2012,396,0,1,80
1203,6/18/2012,535,9,0,45
1203,6/30/2012,553,0,1,40
1203,7/15/2014,414,0,1,85
1203,6/9/2014,433,0,1,80
1203,6/30/2012,553,5,1,70
1203,6/9/2014,433,9,0,65
1203,6/28/2014,396,0,1,95
1203,7/7/2013,480,0,1,45
1203,6/28/2014,396,0,1,65
1203,6/2/2013,496,9,0,40
1203,5/31/2012,396,0,1,30
1203,6/2/2013,496,5,1,35
1204,5/31/2012,374,0,1,60
1204,5/31/2012,374,0,1,90
1204,6/26/2014,518,0,1,65
1204,6/18/2013,547,0,1,95
1204,6/18/2012,557,0,1,70
1204,6/2/2013,469,2,1,60
1204,6/18/2012,557,0,1,60
1204,7/15/2014,393,2,1,40
1204,6/26/2014,518,0,1,65
1204,6/2/2013,469,0,0,40
1204,6/28/2014,377,4,1,85
1204,7/7/2013,381,0,1,70
1204,7/7/2013,381,0,1,30
1204,7/7/2013,381,0,1,50
1205,6/2/2013,381,0,1,60
1205,6/28/2014,358,1,1,85
1205,6/2/2013,381,0,1,70
1205,7/15/2014,373,4,0,2
1206,7/2/2012,500,0,1,20
1206,7/2/2012,500,1,0,25
1206,6/20/2012,582,0,1,20
1206,7/4/2014,535,2,1,65
1206,7/4/2014,535,0,1,80
1206,6/19/2014,525,0,1,85
1206,7/5/2013,381,4,0,35
1207,6/19/2014,504,0,1,70
1207,7/2/2012,483,0,1,35
1207,6/3/2013,557,0,1,60
1207,7/2/2012,483,0,0,60
1207,7/5/2013,386,0,1,40
1207,7/2/2012,483,0,1,25
1207,7/4/2014,515,0,1,45
1207,6/20/2012,560,0,1,25
1207,7/5/2013,386,0,1,70
1207,7/5/2013,386,0,1,80
1207,7/2/2012,483,4,1,90
1207,6/4/2012,402,3,0,50
1207,6/20/2012,560,0,1,30
1207,6/20/2012,560,2,1,80
1208,6/3/2014,406,0,1,70
1208,7/5/2013,408,0,1,20
1208,7/2/2012,460,0,1,40
1208,6/3/2014,406,0,1,55
1208,6/20/2012,531,8,1,45
1208,6/20/2012,531,0,1,65
1208,7/4/2014,490,2,1,65
1208,7/5/2013,408,7,1,80
1208,7/5/2013,408,6,0,50
1208,6/19/2014,478,0,1,50
1209,6/4/2012,474,0,1,75
1209,6/20/2012,483,0,1,60
1209,6/4/2012,474,0,1,40
1209,7/2/2012,425,3,1,35
1209,6/20/2012,483,7,0,20
1210,7/4/2014,415,0,1,60
1210,6/3/2013,506,2,1,65
1210,6/4/2012,499,0,1,85
1211,7/4/2014,395,0,1,90
1211,7/5/2013,429,8,0,35
1211,6/18/2014,465,6,0,35
1211,6/4/2012,526,NA,1,40
1211,6/4/2012,526,1,1,95
1211,6/4/2012,526,0,1,50
1212,7/5/2013,409,0,1,85
1212,7/4/2014,377,0,1,50
1212,6/4/2012,546,0,1,55
1212,7/5/2013,409,7,0,45
1212,6/18/2014,446,3,1,65
1212,6/4/2012,546,6,0,55
1213,7/4/2014,525,2,1,70
1213,7/5/2013,390,0,1,90
1213,7/5/2013,390,0,1,55
1213,6/4/2012,565,8,1,100
1213,6/3/2014,492,6,1,90
1213,6/4/2012,565,8,0,50
1213,7/2/2012,498,2,1,85
1214,6/4/2012,391,6,1,90
1214,6/4/2012,391,0,1,65
1214,6/3/2014,509,0,1,90
1215,6/20/2012,483,0,1,70
1215,6/3/2014,413,0,1,85
1215,6/4/2012,476,0,1,100
1215,6/4/2012,476,0,1,70
1216,6/3/2014,396,0,1,70
1217,6/19/2013,441,0,1,95
1217,6/3/2014,526,6,1,90
1218,6/4/2012,584,0,1,60
1218,6/18/2014,370,0,1,55
1218,6/4/2012,584,1,1,75
1218,6/3/2014,543,0,1,80
1218,6/19/2014,485,0,1,40
1218,7/5/2013,370,0,1,70
1218,6/4/2012,584,1,1,80
1218,6/19/2013,538,7,1,40
1218,6/20/2012,374,0,1,65
1218,6/20/2012,374,0,1,65
1224,6/29/2014,367,0,1,65
1224,7/1/2012,394,0,1,50
1224,6/29/2014,367,0,1,80
1224,6/17/2013,483,0,1,50
1224,7/16/2014,383,0,1,45
1224,7/1/2012,394,0,1,60
1224,7/1/2012,394,0,1,75
1224,6/13/2014,374,0,1,90
1224,6/27/2014,520,0,1,80
1224,6/17/2013,483,0,1,70
1224,7/2/2013,503,0,1,60
1224,6/27/2014,520,0,1,30
1224,7/2/2013,503,0,1,80
1224,6/17/2013,483,0,1,95
1224,6/18/2012,385,0,1,50
1224,6/29/2014,367,0,1,45
1224,6/17/2013,483,0,1,25
1224,5/30/2013,413,0,1,40
1224,6/17/2013,483,1,1,60
1224,5/30/2013,413,0,1,50
1224,7/16/2014,383,0,1,70
1224,6/18/2012,385,0,1,20
1224,6/13/2014,374,0,1,85
1224,7/2/2013,503,0,1,90
1224,7/2/2013,503,0,1,80
1225,6/27/2014,472,0,1,80
1225,6/27/2014,472,0,1,20
1225,5/30/2013,403,1,1,80
1225,6/18/2012,404,0,1,70
1225,6/27/2014,472,0,0,10
1225,6/2/2012,488,0,1,35
1225,7/16/2014,394,0,1,80
1225,5/30/2013,403,0,1,45
1225,6/17/2013,478,0,1,70
1225,7/16/2014,394,0,0,15
1225,6/18/2012,404,2,1,30
1225,7/2/2013,505,3,1,100
1225,6/17/2013,478,0,1,45
1225,7/2/2013,505,0,1,70
1225,6/29/2014,370,0,1,25
1225,7/2/2013,505,0,1,100
1225,6/18/2012,404,9,0,55
1226,6/29/2014,376,0,1,30
1226,6/18/2012,366,5,1,90
1226,7/16/2014,387,0,1,15
1226,6/18/2012,366,0,1,50
1226,6/13/2014,375,3,1,45
1226,7/16/2014,387,7,0,35
1226,7/2/2013,521,0,1,35
1226,6/29/2014,376,0,1,75
1226,7/16/2014,387,0,1,30
1226,6/18/2012,366,0,1,75
1226,5/30/2013,388,0,1,35
1226,6/13/2014,375,0,1,95
1226,7/16/2014,387,7,0,50
1226,6/13/2014,375,7,1,35
1226,7/1/2012,373,0,1,45
1226,6/2/2012,531,1,1,85
1226,7/2/2013,521,0,1,40
1227,7/1/2012,365,0,1,80
1227,7/2/2013,367,0,1,85
1227,7/1/2012,365,0,1,35
1227,6/17/2013,448,0,1,90
1227,6/18/2012,481,0,1,40
1227,6/11/2014,396,6,1,50
1227,6/2/2012,398,0,1,70
1227,7/13/2014,518,0,1,80
1227,7/2/2013,367,0,1,95
1227,6/18/2012,481,0,1,40
1227,7/2/2013,367,1,0,25
1227,6/2/2012,398,4,1,90
1228,6/17/2013,473,0,1,50
1228,5/30/2013,410,1,1,45
1228,7/1/2012,358,0,1,20
1228,6/17/2013,473,0,0,30
1228,6/17/2013,473,0,1,30
1228,7/1/2012,358,0,1,25
1229,6/27/2014,369,0,1,45
1229,7/1/2012,357,5,1,45
1229,6/11/2014,384,0,1,35
1229,6/2/2012,377,0,1,100
1229,6/2/2012,377,4,1,65
1229,6/27/2014,369,7,0,45
1229,6/11/2014,384,0,1,75
1229,6/17/2013,489,8,0,35
1229,5/30/2013,371,0,1,25
1229,6/25/2014,523,0,1,80
1229,5/30/2013,371,0,1,50
1229,5/30/2013,371,0,0,30
1230,5/30/2013,446,7,1,40
1230,7/2/2012,499,6,0,10
1230,6/16/2012,458,5,1,75
1230,7/4/2014,405,8,0,35
1230,7/4/2014,405,0,1,55
1230,7/2/2012,499,2,1,90
1230,6/19/2014,398,0,1,55
1230,6/17/2014,481,0,0,70
1230,7/1/2013,547,5,1,65
1230,6/16/2012,458,0,1,80
1230,7/4/2014,405,0,1,90
1230,7/4/2014,405,0,1,30
1230,6/17/2014,481,0,1,85
1230,7/4/2014,405,0,1,70
1230,7/1/2013,547,0,1,70
1230,7/2/2012,499,0,1,100
1230,6/19/2014,398,0,1,50
1230,6/17/2013,473,0,1,45
1230,6/2/2014,445,3,1,60
1230,5/31/2012,430,0,1,80
1231,6/16/2012,438,0,1,50
1231,6/2/2014,463,1,1,60
1231,6/19/2014,419,3,0,50
1231,5/30/2013,464,0,1,80
1231,6/17/2014,463,0,1,95
1231,6/17/2013,455,0,1,50
1231,7/4/2014,422,3,0,30
1231,7/1/2013,532,2,1,55
1231,6/19/2014,419,0,1,60
1231,7/4/2014,422,0,1,45
1231,5/31/2012,449,0,1,70
1231,5/30/2013,464,9,0,40
1231,7/4/2014,422,0,1,25
1231,6/19/2014,419,0,1,70
1232,6/19/2014,496,8,0,30
1232,7/2/2012,436,0,1,80
1232,5/30/2013,481,2,1,90
1232,6/17/2013,435,2,1,70
1232,7/4/2014,486,7,1,95
1232,5/30/2013,481,0,1,80
1232,7/4/2014,486,9,0,45
1232,5/31/2012,474,3,1,40
1232,6/3/2014,440,3,1,85
1232,6/17/2014,520,5,0,35
1232,6/17/2014,520,0,1,60
1233,6/16/2012,417,0,1,20
1233,6/17/2014,502,0,1,75
1233,6/16/2012,417,1,1,30
1233,6/16/2012,417,0,0,35
1233,7/4/2014,504,0,1,35
1233,6/17/2013,439,0,1,60
1233,6/17/2013,439,0,1,50
1233,6/17/2014,502,0,1,40
1233,7/4/2014,504,5,1,60
1233,6/3/2014,459,0,1,80
1233,6/19/2014,523,3,1,40
1234,6/29/2013,450,0,1,80
1234,6/15/2013,517,0,1,75
1234,6/6/2014,378,0,1,70
1234,6/16/2014,481,1,0,30
1234,5/30/2012,602,0,1,90
1234,6/18/2014,522,3,1,35
1234,6/18/2014,522,0,1,90
1234,6/16/2014,481,1,1,30
1234,6/18/2014,522,5,1,95
1234,7/1/2014,520,4,1,100
1234,6/14/2012,345,2,1,80
137,6/17/2011,450,3,1,90
137,6/19/2012,476,0,1,40
137,6/19/2012,476,8,0,25
137,7/5/2012,426,0,1,20
137,7/5/2012,426,1,1,35
137,7/6/2011,542,8,1,20
137,6/26/2014,409,0,1,45
137,6/17/2011,450,0,1,85
137,6/25/2014,427,0,1,50
137,7/6/2011,542,0,1,70
137,6/1/2011,503,3,1,80
137,6/17/2011,450,7,1,60
137,6/14/2014,483,0,1,25
137,6/17/2011,450,0,1,25
137,6/3/2012,469,0,1,90
137,7/12/2014,422,6,0,40
138,7/12/2014,399,1,0,15
138,6/3/2012,495,7,1,80
138,6/14/2014,450,0,1,45
138,6/19/2012,456,0,1,80
138,7/6/2011,561,0,1,30
138,6/26/2014,392,0,1,85
138,7/7/2013,542,0,1,20
138,7/6/2011,561,0,1,50
138,6/1/2011,480,7,1,50
138,6/3/2012,495,0,1,75
138,6/26/2014,392,3,1,80
138,6/19/2012,456,8,1,20
138,6/26/2014,392,0,1,25
138,6/1/2011,480,0,1,50
138,7/12/2014,399,0,1,60
138,6/19/2012,456,0,0,30
138,7/6/2011,561,5,1,65
138,7/5/2012,457,0,1,40
138,7/12/2014,399,0,1,100
138,7/5/2012,457,1,1,60
138,6/17/2011,475,5,1,45
138,6/25/2014,447,7,1,35
139,7/6/2011,583,0,1,70
139,7/6/2011,583,1,1,10
139,6/25/2014,405,0,1,95
139,7/7/2013,527,0,1,35
139,6/14/2014,471,9,1,55
139,6/3/2012,486,0,1,90
139,7/6/2011,583,3,1,20
139,6/19/2012,498,0,1,80
139,6/3/2012,486,9,1,55
139,7/5/2012,400,0,1,80
139,6/17/2011,494,0,1,95
139,6/17/2011,494,6,1,95
139,6/19/2012,498,0,1,50
139,7/6/2011,583,0,1,45
139,7/5/2012,400,0,1,45
139,7/5/2012,400,4,1,70
140,6/17/2011,513,0,1,30
140,7/5/2012,419,1,1,50
140,7/7/2013,482,0,1,80
140,7/5/2012,419,0,1,80
140,6/17/2011,513,0,1,35
140,7/7/2013,482,0,1,75
140,7/4/2011,446,0,1,50
140,6/19/2012,521,5,1,100
140,7/4/2011,446,0,1,15
140,6/25/2014,425,0,1,100
140,6/3/2012,465,0,1,40
140,6/18/2013,452,0,1,35
140,7/4/2011,446,0,1,20
140,7/4/2011,446,2,1,100
141,6/18/2013,472,0,1,25
141,6/1/2011,427,0,1,35
141,6/2/2013,464,7,1,70
141,7/7/2013,461,0,1,70
141,6/3/2012,443,3,1,35
141,7/12/2014,399,0,1,85
141,7/5/2012,435,7,1,60
141,6/25/2014,449,0,0,20
141,6/2/2013,464,0,1,40
141,6/17/2011,531,0,1,25
141,6/3/2012,443,0,1,30
141,6/18/2013,472,1,1,40
141,7/7/2013,461,0,1,30
141,6/25/2014,449,0,1,90
141,6/17/2011,531,0,1,85
141,6/17/2011,531,8,0,20
141,6/17/2011,531,4,1,70
142,6/17/2011,558,0,1,80
142,6/26/2014,403,1,1,90
142,6/19/2012,569,0,1,45
142,6/1/2011,410,2,1,100
142,6/26/2014,403,0,1,50
142,6/1/2011,410,7,1,20
142,6/18/2013,497,0,1,35
142,6/14/2014,414,0,1,90
142,7/5/2012,453,3,1,90
142,6/2/2013,442,0,1,45
142,7/7/2013,442,0,1,25
142,7/7/2013,442,0,1,95
142,6/25/2014,473,0,1,15
142,7/4/2011,405,0,1,70
143,6/2/2013,505,1,1,85
143,6/1/2011,480,0,1,45
143,6/17/2011,443,0,1,90
143,7/6/2011,404,6,1,40
143,6/2/2013,505,3,1,40
143,6/25/2014,381,1,1,100
143,6/25/2014,381,2,1,65
143,6/18/2013,430,0,1,40
143,7/6/2011,404,0,1,70
143,6/18/2013,430,0,1,60
143,7/7/2013,503,0,1,85
143,6/26/2014,457,0,0,40
143,6/19/2012,452,0,1,95
143,6/19/2012,452,0,1,55
143,7/6/2011,404,0,1,60
143,6/17/2011,443,4,0,40
143,7/5/2012,469,0,1,40
143,6/3/2012,540,0,1,90
143,6/19/2012,452,2,1,90
143,6/14/2014,492,5,1,90
143,6/26/2014,457,5,1,90
143,7/5/2012,469,0,1,90
143,6/2/2013,505,0,1,80
144,6/3/2012,512,0,1,90
144,6/14/2014,396,0,1,85
144,6/17/2011,417,1,1,95
144,7/5/2012,382,9,1,60
144,6/3/2012,512,5,1,50
144,7/12/2014,513,0,0,25
144,6/2/2013,524,0,1,45
144,7/12/2014,513,0,1,100
144,6/1/2011,502,7,0,40
144,7/6/2011,425,0,1,35
144,7/6/2011,425,0,1,60
144,6/14/2014,396,0,1,65
144,7/12/2014,513,0,1,70
144,7/5/2012,382,0,1,50
144,6/26/2014,509,6,0,45
144,6/1/2011,502,2,1,75
144,6/18/2013,408,0,1,35
144,7/5/2012,382,0,1,70
144,6/26/2014,509,0,1,65
144,6/19/2012,476,0,1,95
144,6/19/2012,476,4,1,90
145,7/7/2013,568,0,1,20
145,6/18/2013,384,2,1,80
145,6/17/2011,399,3,1,100
145,7/7/2013,568,9,1,15
145,6/19/2012,435,8,1,65
145,6/1/2011,521,1,0,35
145,7/5/2012,476,8,1,20
145,6/2/2013,554,3,1,95
145,7/12/2014,531,2,1,40
145,7/6/2011,444,7,1,70
145,6/26/2014,528,0,1,10
145,6/26/2014,528,1,1,80
145,6/1/2011,521,0,1,85
145,6/25/2014,466,0,1,40
145,7/12/2014,531,1,1,55
145,6/3/2012,516,4,1,100
145,6/26/2014,528,0,1,25
145,7/6/2011,444,0,1,30
146,6/19/2012,496,4,1,75
146,6/1/2011,520,0,1,85
146,6/25/2014,407,3,0,20
146,6/25/2014,407,9,0,40
146,7/5/2012,404,1,1,50
146,6/19/2012,496,0,1,90
146,7/12/2014,443,8,0,2
146,7/6/2011,518,8,1,80
146,6/26/2014,430,0,1,50
146,6/26/2014,430,0,1,40
146,6/25/2014,407,1,1,35
146,7/5/2012,404,0,1,60
146,7/12/2014,443,3,1,25
146,6/26/2014,430,4,1,30
146,6/19/2012,496,0,1,65
146,6/26/2014,430,0,1,90
146,6/17/2011,432,3,1,90
147,6/18/2013,560,2,1,50
147,6/18/2013,560,4,1,40
147,7/12/2014,496,0,0,70
147,6/14/2014,377,2,0,45
147,7/4/2011,447,0,1,45
147,6/17/2011,376,3,1,100
147,7/4/2011,447,0,1,60
147,7/4/2011,447,1,1,75
147,7/7/2013,380,0,1,45
147,6/14/2014,377,0,1,70
147,6/17/2011,376,0,1,90
147,6/3/2012,386,0,1,100
148,7/6/2011,383,0,1,60
148,6/25/2014,515,8,1,100
148,6/17/2011,462,0,1,50
148,7/6/2011,383,0,1,30
148,7/7/2013,400,0,1,50
148,6/19/2012,428,1,1,35
148,7/6/2011,383,1,1,75
148,6/18/2013,540,2,1,55
148,6/1/2011,460,0,1,90
148,6/17/2011,462,5,1,70
148,6/19/2012,428,0,1,40
148,7/7/2013,400,0,1,30
148,6/18/2013,540,4,1,25
148,7/7/2013,400,1,1,80
148,6/17/2011,462,0,1,60
148,6/17/2011,462,0,1,85
148,7/7/2013,400,0,1,40
148,6/2/2013,404,5,1,60
149,6/18/2013,519,0,0,30
149,6/18/2013,519,0,1,60
149,6/2/2013,423,0,1,80
149,6/25/2014,495,0,1,50
149,6/25/2014,495,2,1,35
150,7/5/2012,383,2,1,80
150,7/7/2013,456,1,1,35
150,6/19/2012,521,1,1,90
150,6/26/2014,450,0,1,70
150,7/7/2013,456,2,1,60
150,6/2/2013,473,0,1,90
150,7/5/2012,383,0,0,50
150,6/19/2012,521,2,1,30
151,6/25/2014,371,9,0,60
151,6/1/2011,555,3,1,40
151,6/26/2014,468,7,1,85
151,6/25/2014,371,0,1,80
151,7/7/2013,479,0,1,95
151,7/5/2012,496,0,1,80
151,6/17/2011,388,0,1,80
165,6/19/2013,477,0,1,50
165,6/4/2012,391,0,1,25
165,6/20/2012,560,2,1,70
165,7/5/2013,448,9,0,35
166,6/20/2012,439,0,1,35
166,6/20/2011,389,0,1,70
167,6/3/2011,454,4,1,85
168,6/19/2014,397,9,1,40
168,7/4/2014,410,4,1,85
168,6/19/2014,397,0,1,70
168,6/3/2014,489,9,1,80
168,7/5/2013,416,0,1,60
168,6/3/2011,433,1,1,75
168,7/7/2011,454,7,0,35
168,6/4/2012,550,0,1,80
168,6/3/2011,433,1,1,40
169,7/7/2011,399,0,1,60
169,6/3/2011,530,1,1,60
169,7/2/2012,519,8,1,35
169,7/7/2011,399,7,0,40
169,6/3/2011,530,1,1,75
169,6/3/2011,530,0,1,50
169,6/3/2013,599,6,1,40
170,6/4/2012,498,0,1,95
170,6/4/2012,498,1,1,80
170,6/4/2012,498,0,1,65
170,6/4/2012,498,0,1,55
170,6/20/2012,461,0,1,50
170,7/4/2014,446,8,0,45
170,6/20/2011,413,1,1,100
170,6/3/2011,510,0,1,50
170,6/3/2011,510,0,1,35
170,7/7/2011,416,0,1,30
170,6/3/2014,446,2,1,55
171,7/4/2014,427,0,1,30
171,7/4/2014,427,0,1,85
171,7/4/2014,427,0,1,45
171,6/3/2011,491,0,1,75
171,7/2/2012,390,9,1,80
171,6/19/2014,416,4,0,60
171,6/4/2012,523,0,1,85
171,6/4/2012,523,0,1,40
171,6/3/2011,491,1,1,80
172,6/3/2013,523,3,1,95
172,7/9/2014,481,0,0,30
172,6/3/2011,472,3,1,75
172,7/2/2012,479,0,1,40
173,6/20/2012,508,1,1,85
174,7/9/2014,398,0,1,30
174,7/9/2014,398,2,1,50
175,6/3/2011,412,0,1,75
176,6/3/2011,553,2,1,90
176,6/3/2011,553,6,1,75
177,6/2/2014,373,2,1,40
177,7/2/2012,378,0,1,20
177,6/3/2013,370,0,1,95
177,6/4/2012,370,1,1,45
177,6/3/2013,370,2,1,60
177,6/2/2014,373,3,1,20
178,6/20/2012,414,2,1,35
178,6/20/2012,414,1,1,90
179,6/2/2014,406,2,1,60
179,6/20/2012,397,0,1,40
194,7/5/2013,387,0,1,70
194,6/20/2011,460,0,1,70
194,7/6/2011,506,0,1,65
194,7/5/2013,387,0,1,30
194,7/6/2011,506,0,1,40
194,7/6/2011,506,0,1,25
194,6/4/2014,578,0,1,45
194,6/3/2013,469,2,1,80
194,7/5/2013,387,6,1,45
194,6/20/2011,460,2,1,90
194,6/20/2011,460,2,1,70
194,6/23/2014,375,0,1,100
194,6/19/2013,465,4,0,30
195,6/23/2014,397,0,1,45
195,7/11/2014,462,0,0,60
195,5/31/2012,457,8,1,35
195,6/19/2013,486,0,1,35
195,7/6/2011,487,0,1,65
195,7/11/2014,462,0,1,75
195,7/6/2011,487,0,1,60
195,6/2/2011,453,1,1,75
195,6/23/2014,397,0,1,100
195,6/3/2013,447,1,1,70
195,6/2/2011,453,4,0,60
195,6/20/2011,481,0,1,85
195,6/4/2014,557,8,0,50
196,6/24/2014,450,0,1,40
196,6/16/2012,476,4,1,25
196,6/3/2013,430,0,0,40
196,7/11/2014,444,0,1,40
196,7/6/2011,472,0,1,40
196,7/6/2011,472,0,1,45
196,7/11/2014,444,0,1,20
196,6/19/2013,506,3,1,70
196,6/23/2014,414,0,1,80
196,6/4/2014,539,3,1,50
196,6/2/2011,435,5,0,50
196,6/20/2011,502,2,1,35
196,7/11/2014,444,0,1,75
196,6/23/2014,414,0,1,25
196,7/5/2013,393,0,1,85
196,6/3/2013,430,2,0,45
197,6/30/2012,364,9,1,15
197,6/4/2014,520,4,1,50
197,6/4/2014,520,0,0,5
197,6/30/2012,364,0,1,35
197,6/20/2011,502,0,1,50
197,6/19/2013,409,0,1,60
197,6/24/2014,435,0,1,40
197,6/4/2014,520,0,1,7
197,6/23/2014,435,8,0,25
197,7/5/2013,409,0,1,80
198,6/30/2012,388,0,1,85
198,6/19/2013,442,0,1,50
198,6/16/2012,441,0,1,70
198,6/24/2014,414,0,1,45
198,7/6/2011,461,1,1,40
198,6/16/2012,441,3,0,55
198,6/24/2014,414,1,1,35
199,6/20/2011,457,0,1,75
199,7/5/2013,446,1,1,90
200,6/23/2014,507,5,1,25
200,6/19/2013,386,0,1,40
200,6/3/2013,544,2,1,90
200,7/5/2013,465,0,1,50
200,7/6/2011,423,0,1,25
200,6/4/2014,446,0,1,95
200,6/24/2014,591,2,0,25
200,6/16/2012,401,0,1,60
201,7/5/2013,376,0,1,70
201,7/6/2011,453,0,1,65
201,7/5/2013,376,0,1,90
201,6/2/2011,411,0,1,50
201,6/19/2013,527,3,1,20
201,7/11/2014,545,3,1,85
201,6/19/2013,527,0,1,30
201,6/2/2011,411,7,0,45
201,7/6/2011,453,3,1,75
201,7/11/2014,545,0,1,85
201,7/5/2013,376,2,1,30
201,5/31/2012,598,7,0,50
202,6/19/2011,389,8,1,70
202,7/11/2014,523,0,1,85
202,6/2/2011,560,0,1,50
202,6/19/2011,389,0,1,40
202,7/6/2011,435,0,1,55
202,7/6/2011,435,0,1,75
202,7/6/2011,435,0,1,60
203,6/23/2014,582,9,1,6
203,6/20/2011,441,0,1,20
203,7/6/2011,524,0,1,55
203,5/31/2012,416,0,1,90
203,5/31/2012,416,0,1,75
203,5/31/2012,416,0,1,60
203,6/2/2011,495,0,1,80
203,6/30/2012,512,6,1,35
203,6/30/2012,512,0,1,45
203,7/6/2011,524,5,1,70
203,7/11/2014,500,0,1,60
203,6/16/2012,532,7,0,25
203,6/24/2014,506,0,1,35
203,6/4/2014,370,0,1,90
204,6/4/2014,381,0,1,20
204,6/3/2013,563,8,1,80
204,6/3/2013,563,5,0,35
204,6/20/2011,412,1,1,90
204,6/4/2014,381,3,1,75
204,6/24/2014,493,NA,0,15
204,7/11/2014,497,3,0,55
204,7/6/2011,541,3,1,70
204,6/19/2013,367,2,1,65
204,7/5/2013,472,1,1,35
205,6/20/2011,385,1,1,95
205,6/16/2012,562,4,1,25
205,6/4/2014,407,1,1,65
205,7/6/2011,413,0,1,70
205,6/2/2011,539,0,1,75
205,7/5/2013,494,7,0,50
205,6/23/2014,515,3,0,65
206,6/23/2014,476,4,1,85
206,7/11/2014,434,8,1,95
206,6/23/2014,476,4,1,65
206,6/2/2011,393,0,1,75
206,7/11/2014,434,0,1,100
206,6/19/2013,361,1,1,70
206,6/16/2012,404,3,1,25
207,6/3/2013,455,0,1,85
207,6/2/2011,500,0,1,95
207,6/16/2012,424,1,1,100
207,6/20/2011,439,3,1,80
208,7/6/2011,518,9,1,75
208,6/3/2013,435,0,1,90
208,6/30/2012,509,0,1,100
208,6/24/2014,384,0,0,25
208,6/16/2012,443,0,1,70
210,7/11/2014,535,1,1,30
210,7/11/2014,535,6,1,15
210,6/30/2012,375,6,0,40
210,6/4/2014,553,0,1,65
210,6/4/2014,553,0,1,95
211,7/11/2014,452,0,1,80
211,7/11/2014,452,0,1,35
211,6/4/2014,426,0,1,80
211,7/6/2011,397,3,1,85
211,6/19/2013,547,0,1,75
212,7/11/2014,516,7,1,55
212,5/31/2012,447,1,1,35
212,6/23/2014,370,1,1,45
212,6/24/2014,515,0,1,30
212,7/6/2011,561,4,1,85
212,6/16/2012,519,1,0,50
212,6/30/2012,395,1,1,20
212,7/11/2014,516,2,1,70
212,6/3/2013,375,1,1,80
212,6/30/2012,395,5,0,15
332,7/1/2013,376,0,1,60
332,6/21/2014,399,0,1,75
332,7/9/2014,386,0,1,60
332,6/3/2011,449,0,1,85
332,6/22/2011,470,1,0,70
332,6/22/2011,470,9,1,90
333,6/20/2014,456,1,0,20
333,7/9/2014,365,1,1,80
333,7/1/2013,413,7,1,70
334,6/22/2011,503,9,0,75
334,5/29/2013,559,0,1,35
334,6/20/2014,440,6,1,20
334,6/3/2011,402,0,1,80
334,7/10/2011,416,2,1,75
334,6/3/2011,402,5,0,30
335,6/22/2011,367,1,1,15
335,6/22/2011,367,1,0,70
335,7/10/2011,399,1,1,90
335,6/22/2011,367,0,1,55
335,6/14/2012,368,0,1,75
335,6/22/2011,367,0,1,90
335,6/29/2012,497,0,1,65
335,7/10/2011,399,0,1,40
335,6/3/2011,571,2,1,25
335,5/30/2012,575,0,1,80
335,6/3/2011,571,8,1,20
336,5/30/2012,380,0,1,40
336,5/30/2012,380,3,1,100
336,6/14/2012,507,0,1,90
336,7/9/2014,479,1,0,60
336,6/14/2012,507,3,0,30
336,7/9/2014,479,0,1,60
336,6/22/2011,387,0,1,55
336,7/10/2011,367,1,1,35
336,7/10/2011,367,0,1,70
336,6/22/2011,387,0,1,40
336,6/20/2014,585,2,0,55
336,6/14/2012,507,3,1,45
336,6/20/2014,585,0,1,95
336,6/29/2012,474,0,1,80
337,6/21/2014,454,6,1,75
337,6/29/2012,435,0,1,65
337,6/16/2013,540,0,1,40
337,6/3/2011,504,0,1,100
337,6/29/2012,435,0,1,50
337,7/10/2011,505,3,1,20
338,6/20/2014,512,7,1,45
338,7/9/2014,410,4,1,75
338,6/3/2011,478,1,1,25
338,7/9/2014,410,0,1,50
338,7/10/2011,483,0,1,70
338,7/1/2013,560,7,1,65
338,7/10/2011,483,0,1,30
338,6/3/2011,478,0,1,35
357,7/3/2014,430,0,1,65
357,6/29/2012,398,9,1,65
357,6/3/2011,445,0,1,80
357,7/1/2013,430,3,1,90
357,7/1/2013,430,0,1,40
358,6/21/2011,570,2,1,70
358,7/1/2013,405,1,1,60
358,5/29/2013,414,0,0,35
358,6/17/2014,419,7,0,40
358,6/7/2014,524,3,0,30
358,6/16/2014,480,4,0,45
358,6/29/2012,370,0,1,40
358,6/29/2012,370,0,1,30
358,6/7/2014,524,0,1,60
359,7/6/2011,468,5,1,40
359,5/30/2012,374,0,1,80
359,7/6/2011,468,4,0,50
359,7/1/2013,381,0,1,45
359,7/3/2014,498,0,0,35
359,7/6/2011,468,0,1,75
359,5/30/2012,374,3,1,60
360,6/21/2011,496,3,1,90
360,6/17/2014,504,0,1,25
360,5/30/2012,396,4,1,45
360,5/30/2012,396,0,1,50
360,6/29/2012,458,6,1,30
360,6/17/2014,504,1,1,45
360,6/5/2014,525,8,1,65
361,6/3/2011,495,5,1,80
361,5/30/2012,401,0,1,60
361,7/6/2011,418,0,1,15
361,7/6/2011,418,0,1,20
361,7/6/2011,418,2,1,50
361,6/16/2014,503,0,1,65
361,6/3/2011,495,0,1,75
361,5/29/2013,497,0,1,95
362,6/29/2012,420,0,1,25
362,6/21/2011,413,0,1,50
362,7/3/2014,450,0,1,80
362,6/16/2014,523,8,1,65
362,6/21/2011,413,0,1,15
362,6/15/2013,381,0,1,35
362,6/3/2011,460,2,1,65
362,6/29/2012,420,3,1,50
362,6/3/2011,460,4,1,55
362,7/6/2011,525,5,1,40
363,6/15/2013,374,2,0,40
363,6/17/2014,473,0,0,90
363,6/21/2011,388,0,1,75
364,5/29/2013,459,2,1,85
364,6/14/2012,544,5,1,90
364,7/3/2014,396,0,1,75
364,6/14/2012,544,0,1,45
364,6/17/2014,405,0,0,25
364,7/3/2014,396,5,1,25
364,6/29/2012,438,0,0,30
364,6/17/2014,405,0,1,35
364,7/1/2013,389,0,1,70
364,5/30/2012,421,1,1,80
364,7/1/2013,389,0,1,60
365,6/14/2012,459,0,1,45
365,6/15/2013,467,2,0,65
365,5/29/2013,390,1,1,90
365,6/3/2011,567,0,1,70
365,7/6/2011,383,5,1,95
365,6/14/2012,459,6,1,45
365,6/29/2012,375,0,1,10
365,7/3/2014,484,5,0,100
365,6/29/2012,375,0,1,80
365,5/30/2012,510,2,1,90
365,6/3/2011,567,0,1,90
365,6/16/2014,562,0,1,75
365,6/21/2011,384,0,1,40
365,6/16/2014,562,2,1,75
366,6/29/2012,415,3,1,60
366,5/30/2012,450,2,1,75
366,5/30/2012,450,0,1,40
366,6/29/2012,415,5,0,25
366,6/29/2012,415,3,1,35
366,6/21/2011,430,0,1,40
367,7/3/2014,460,1,1,65
367,6/5/2014,416,0,1,75
367,5/30/2012,375,NA,1,30
367,7/6/2011,396,0,1,80
367,7/6/2011,396,0,1,40
367,7/1/2013,409,1,1,35
367,6/21/2011,439,0,1,15
367,6/17/2014,475,2,0,45
367,6/15/2013,390,2,1,15
367,6/3/2011,555,1,1,80
367,7/3/2014,460,0,1,40
368,6/21/2011,403,0,1,35
368,5/29/2013,411,0,1,35
368,5/30/2012,482,3,1,20
368,6/14/2012,486,0,1,100
368,6/29/2012,394,0,1,30
368,7/6/2011,401,0,1,85
368,6/15/2013,449,9,1,95
368,5/29/2013,411,0,1,75
368,6/3/2011,549,1,1,60
374,6/9/2014,564,0,1,50
374,6/30/2012,471,1,1,20
374,6/9/2014,564,2,1,65
374,7/15/2014,432,2,1,65
374,6/26/2014,382,0,1,60
374,7/7/2013,457,0,1,30
374,6/21/2011,507,6,1,85
374,6/26/2014,382,0,1,40
374,7/7/2013,457,2,1,90
374,6/30/2012,471,0,1,45
374,7/15/2014,432,1,0,35
374,7/7/2011,465,0,1,30
374,6/28/2014,419,0,1,55
374,5/31/2012,498,0,1,50
374,6/21/2011,507,8,1,70
374,7/7/2011,465,1,1,75
374,6/4/2011,444,2,1,65
374,6/4/2011,444,5,1,50
374,6/30/2012,471,0,1,100
375,6/18/2012,382,1,1,85
375,6/4/2011,391,0,1,80
375,7/15/2014,391,7,0,5
375,5/31/2012,544,0,1,50
375,6/18/2012,382,0,1,80
375,6/28/2014,379,3,0,5
375,6/30/2012,510,8,0,40
375,6/18/2012,382,0,1,95
375,6/21/2011,550,8,1,80
375,6/28/2014,379,9,1,15
375,7/7/2013,396,0,1,70
375,6/21/2011,550,0,1,65
375,7/7/2013,396,0,1,50
375,7/15/2014,391,0,1,30
375,6/18/2012,382,7,1,65
375,7/7/2011,411,0,1,50
375,6/4/2011,391,0,1,60
375,6/26/2014,505,0,1,40
375,7/7/2013,396,0,1,35
375,7/7/2011,411,0,1,70
375,6/21/2011,550,0,1,40
375,6/26/2014,505,0,1,70
375,7/7/2013,396,0,1,65
375,7/7/2011,411,4,1,50
375,6/30/2012,510,0,1,40
375,6/18/2013,571,0,1,45
376,6/21/2011,571,0,1,90
376,7/7/2011,389,0,1,30
376,6/9/2014,373,1,1,90
376,6/2/2013,411,0,1,60
376,5/31/2012,368,0,1,60
376,6/9/2014,373,0,1,55
376,6/18/2013,568,2,1,70
376,6/21/2011,571,3,1,85
376,7/7/2013,414,0,0,45
376,6/4/2011,369,0,1,65
377,6/21/2011,377,1,1,10
377,5/31/2012,387,0,1,30
377,6/21/2011,377,0,1,30
377,6/26/2014,360,5,1,45
377,7/7/2011,438,3,1,35
377,7/7/2011,438,7,1,35
377,6/28/2014,367,0,1,45
377,6/2/2013,371,2,1,90
377,6/28/2014,367,0,1,70
377,6/26/2014,360,0,1,60
377,7/7/2013,375,0,1,50
377,6/2/2013,371,0,1,55
377,7/15/2014,383,0,1,70
377,7/15/2014,383,0,1,40
377,7/15/2014,383,0,1,60
377,6/21/2011,377,0,0,15
377,6/28/2014,367,3,1,70
377,6/21/2011,377,0,1,75
377,6/16/2012,532,0,1,45
377,7/7/2013,375,4,0,40
378,7/15/2014,408,1,1,40
378,7/15/2014,408,0,1,60
378,7/15/2014,408,0,1,75
378,6/16/2012,508,0,1,25
378,6/30/2012,427,1,1,20
378,6/21/2011,396,0,1,45
378,6/30/2012,427,0,1,15
378,6/26/2014,380,0,1,70
378,6/9/2014,515,9,1,90
378,6/28/2014,387,1,1,90
378,7/7/2011,421,2,1,50
378,5/31/2012,410,0,1,50
378,6/26/2014,380,0,1,30
378,7/7/2011,421,0,1,70
378,7/7/2013,398,0,1,15
378,7/7/2013,398,0,1,60
378,6/28/2014,387,5,0,35
378,6/28/2014,387,1,1,35
378,6/21/2011,396,1,1,20
378,6/28/2014,387,0,1,40
378,6/2/2013,391,0,1,45
379,6/9/2014,455,2,1,85
379,7/7/2011,403,0,1,60
379,6/26/2014,438,0,1,65
379,6/30/2012,443,0,1,50
379,6/9/2014,455,0,1,80
379,6/21/2011,422,0,0,40
379,7/15/2014,429,8,0,45
379,6/21/2011,422,0,0,50
379,7/7/2011,403,3,1,60
379,6/28/2014,404,0,1,60
379,7/15/2014,429,0,1,70
379,7/15/2014,429,0,1,45
379,7/7/2011,403,5,1,75
380,7/15/2014,390,0,0,10
380,6/30/2012,464,2,0,40
380,7/7/2011,542,0,1,70
380,6/9/2014,436,7,1,60
380,6/16/2012,410,0,1,50
380,5/31/2012,488,0,1,40
381,6/30/2012,483,0,1,70
381,6/26/2014,405,6,1,70
381,6/30/2012,483,6,1,30
381,7/15/2014,410,9,1,80
381,6/21/2011,462,5,1,20
381,7/7/2013,499,3,1,30
381,6/26/2014,405,6,1,50
381,6/28/2014,396,0,1,90
381,7/7/2013,499,0,1,65
381,6/4/2011,493,4,1,65
381,6/21/2011,462,3,1,65
381,6/9/2014,536,1,1,75
381,5/31/2012,509,1,0,25
381,6/4/2011,493,3,1,40
381,6/21/2011,462,0,1,25
381,7/7/2011,516,0,1,25
381,7/7/2011,516,0,1,80
382,7/7/2013,417,4,1,60
382,7/7/2011,589,2,1,70
382,7/15/2014,464,0,1,75
382,6/30/2012,361,0,1,90
382,6/28/2014,441,0,1,50
382,6/28/2014,441,3,0,35
382,6/21/2011,415,5,1,60
382,6/28/2014,441,0,1,70
382,7/15/2014,464,0,1,25
382,6/26/2014,399,0,1,75
383,6/21/2011,390,0,1,35
383,7/7/2011,568,0,1,50
383,6/16/2012,463,1,1,65
383,5/31/2012,448,0,0,40
383,6/26/2014,418,5,1,30
383,7/7/2011,568,0,1,75
383,6/28/2014,422,2,0,50
383,6/21/2011,390,5,1,40
383,6/26/2014,418,0,1,65
383,6/28/2014,422,2,1,75
383,7/15/2014,447,0,1,65
383,6/28/2014,422,4,1,60
383,7/15/2014,447,7,0,5
383,6/9/2014,473,0,1,90
383,7/15/2014,447,0,1,30
384,7/1/2012,514,3,1,80
384,6/29/2014,395,0,1,85
384,7/16/2014,414,0,1,65
384,6/6/2011,408,8,1,35
384,6/27/2014,413,0,1,75
384,7/11/2011,504,0,1,70
384,7/16/2014,414,0,1,20
384,6/25/2011,465,0,1,20
384,7/2/2013,387,2,1,20
384,6/25/2011,465,4,1,70
384,6/6/2011,408,1,1,65
384,6/17/2013,383,0,1,80
384,6/2/2012,401,0,1,85
384,7/2/2013,387,0,1,40
384,6/27/2014,413,7,0,70
384,6/13/2014,474,9,0,10
384,6/29/2014,395,0,1,35
384,6/18/2012,499,0,1,80
384,6/27/2014,413,1,0,25
384,6/29/2014,395,0,1,40
384,7/2/2013,387,0,1,100
384,6/18/2012,499,0,1,20
384,6/17/2013,383,0,1,15
384,6/27/2014,413,3,1,40
384,6/2/2012,401,0,1,50
384,7/11/2011,504,9,0,20
385,7/1/2012,493,7,1,45
385,6/2/2012,559,0,1,45
385,7/16/2014,395,5,1,45
385,6/25/2011,496,0,1,75
385,7/11/2011,396,4,1,25
385,6/25/2011,496,1,1,70
385,6/13/2014,452,0,1,65
385,6/6/2011,388,0,1,90
385,6/18/2012,381,4,1,40
385,7/11/2011,396,0,1,40
385,6/18/2012,381,0,1,30
385,6/17/2013,365,3,1,20
385,6/17/2013,365,0,1,45
385,6/2/2012,559,0,1,80
385,7/16/2014,395,0,1,90
385,6/17/2013,365,0,1,80
386,7/2/2013,378,0,1,50
386,6/18/2012,403,5,1,20
386,6/2/2012,537,0,1,50
386,5/30/2013,577,0,1,65
386,7/11/2011,412,0,1,25
386,7/11/2011,412,0,1,30
386,7/11/2011,412,0,1,75
386,7/1/2012,453,1,1,80
386,7/2/2013,378,5,0,7
386,6/29/2014,438,0,1,60
386,6/6/2011,406,4,0,60
386,6/17/2013,370,5,1,85
386,7/2/2013,378,0,1,60
386,6/17/2013,370,0,1,75
386,7/11/2011,412,0,1,15
386,7/1/2012,453,0,1,50
386,6/29/2014,438,0,1,25
386,6/27/2014,447,3,1,40
386,7/16/2014,450,2,1,80
386,6/18/2012,403,0,1,55
386,6/6/2011,406,0,1,30
386,6/25/2011,475,2,1,70
386,6/18/2012,403,0,1,30
386,6/27/2014,447,0,1,90
386,6/18/2012,403,0,1,90
386,6/25/2011,475,0,1,40
386,7/16/2014,450,0,0,10
386,6/6/2011,406,2,1,55
386,7/16/2014,450,0,1,20
386,6/17/2013,370,0,1,90
387,6/13/2014,500,0,1,55
387,6/25/2011,443,0,1,85
387,7/16/2014,439,0,1,50
387,6/6/2011,433,3,1,20
387,6/17/2013,388,0,1,60
387,6/2/2012,424,0,1,60
387,7/11/2011,522,0,1,90
387,6/29/2014,422,4,0,45
387,7/16/2014,439,0,1,40
387,7/11/2011,522,0,1,50
387,6/18/2012,503,0,1,50
387,6/2/2012,424,0,1,60
387,6/29/2014,422,0,1,40
387,7/11/2011,522,0,1,30
387,7/1/2012,473,2,1,35
387,6/17/2013,388,0,1,30
387,6/13/2014,500,0,1,75
387,7/2/2013,402,0,1,95
387,6/25/2011,443,0,1,55
387,7/2/2013,402,0,0,25
387,7/2/2013,402,0,0,25
387,6/18/2012,503,0,1,70
387,7/11/2011,522,3,0,40
387,6/17/2013,388,1,1,95
387,6/6/2011,433,1,0,15
387,6/6/2011,433,0,1,90
387,6/18/2012,503,0,1,45
387,7/16/2014,439,5,1,65
387,6/29/2014,422,0,1,65
387,6/25/2011,443,0,1,80
388,6/17/2013,414,0,1,40
388,6/18/2012,460,2,1,10
388,6/18/2012,460,0,1,40
388,6/13/2014,494,0,1,70
388,6/6/2011,459,4,1,40
388,6/25/2011,421,1,1,55
388,6/2/2012,421,0,1,40
388,7/2/2013,432,1,1,85
388,6/17/2013,414,4,1,60
388,6/17/2013,414,0,1,15
388,6/27/2014,412,0,1,25
388,6/6/2011,459,3,0,35
388,5/30/2013,474,0,1,60
388,6/25/2011,421,0,1,40
388,6/2/2012,421,5,0,40
388,7/11/2011,452,0,1,20
388,7/11/2011,452,3,1,60
388,7/1/2012,480,5,1,80
388,6/2/2012,421,0,1,95
388,6/6/2011,459,0,1,80
388,6/25/2011,421,0,1,65
388,7/11/2011,452,7,0,40
388,6/18/2012,460,0,1,15
388,7/16/2014,448,4,0,25
388,7/2/2013,432,2,1,60
388,6/27/2014,412,0,1,65
388,7/16/2014,448,4,0,35
388,7/2/2013,432,0,1,70
389,6/18/2012,441,2,1,35
389,6/25/2011,402,0,1,40
389,6/6/2011,484,0,1,35
389,6/18/2012,441,0,1,40
389,7/11/2011,433,5,1,85
389,6/18/2012,441,0,1,25
389,7/2/2013,455,0,1,80
389,6/25/2011,402,2,1,60
389,6/6/2011,484,3,0,15
389,6/17/2013,438,0,1,20
389,7/2/2013,455,0,1,95
389,7/11/2011,433,2,1,70
389,5/30/2013,447,8,1,50
389,6/6/2011,484,4,1,50
389,6/13/2014,474,1,1,30
389,6/27/2014,432,0,1,20
389,6/29/2014,402,5,1,90
389,6/6/2011,484,6,0,50
389,6/13/2014,474,9,0,45
389,6/17/2013,438,0,1,60
389,7/11/2011,433,5,1,50
389,6/27/2014,432,6,0,60
389,6/25/2011,402,5,1,30
389,5/30/2013,447,9,1,60
389,7/11/2011,433,0,1,40
389,6/2/2012,444,0,1,40
389,6/2/2012,444,0,1,50
389,7/16/2014,430,0,1,90
389,7/11/2011,433,0,1,60
389,6/13/2014,474,8,1,10
389,7/1/2012,460,0,1,50
389,6/18/2012,441,0,1,65
389,6/29/2014,402,9,0,50
389,6/27/2014,432,0,1,100
389,7/1/2012,460,0,1,45
390,7/11/2011,490,1,1,40
390,6/17/2013,405,0,1,80
390,6/27/2014,376,0,1,70
390,7/1/2012,415,5,1,50
390,6/18/2012,487,0,1,40
390,7/16/2014,421,0,1,65
390,6/6/2011,489,0,1,95
390,6/6/2011,489,4,0,75
390,7/1/2012,415,1,1,25
390,5/30/2013,516,1,1,50
390,6/6/2011,489,5,0,90
390,5/30/2013,516,3,0,30
390,6/27/2014,376,0,1,80
390,6/29/2014,405,0,1,45
390,6/17/2013,405,0,1,50
390,6/17/2013,405,0,1,70
390,6/25/2011,386,1,1,40
390,6/2/2012,447,0,1,35
390,7/2/2013,423,3,1,40
390,6/18/2012,487,6,0,60
390,7/16/2014,421,0,1,40
390,6/13/2014,525,6,1,55
390,6/29/2014,405,2,1,70
390,6/18/2012,487,3,1,100
390,7/2/2013,423,0,1,50
390,6/25/2011,386,0,1,75
390,6/25/2011,386,1,1,50
390,7/16/2014,421,0,0,45
390,6/13/2014,525,5,0,65
390,6/25/2011,386,0,1,80
390,6/29/2014,405,2,0,40
390,6/2/2012,447,5,1,50
390,7/16/2014,421,0,1,80
391,6/25/2011,452,0,1,25
391,6/18/2012,422,0,1,70
391,6/25/2011,452,1,1,80
391,7/1/2012,433,1,1,50
391,5/30/2013,489,0,1,35
391,6/2/2012,517,0,1,25
391,6/29/2014,413,0,1,80
391,6/6/2011,424,7,1,45
391,6/17/2013,423,2,1,65
391,6/6/2011,424,2,1,85
391,6/29/2014,413,0,1,30
391,6/25/2011,452,0,1,40
391,6/2/2012,517,0,1,35
391,6/13/2014,416,0,1,75
391,7/16/2014,422,0,0,25
391,6/6/2011,424,5,1,100
391,6/17/2013,423,4,1,85
391,7/11/2011,429,2,0,25
391,7/11/2011,429,0,1,50
391,6/13/2014,416,0,1,65
391,7/11/2011,429,1,1,30
391,6/27/2014,465,0,1,55
391,7/2/2013,441,0,1,100
391,6/27/2014,465,0,1,75
391,7/2/2013,441,4,1,60
391,7/1/2012,433,3,1,70
391,6/18/2012,422,4,0,30
391,6/29/2014,413,0,1,20
391,6/25/2011,452,1,1,50
392,6/13/2014,395,8,0,35
392,6/13/2014,395,0,1,20
392,7/1/2012,373,0,1,80
392,6/6/2011,446,6,1,35
392,6/25/2011,434,0,1,60
392,7/16/2014,404,2,0,30
392,6/18/2012,444,0,1,90
392,6/25/2011,434,6,1,20
392,7/2/2013,460,0,1,80
392,6/17/2013,445,0,1,60
392,6/25/2011,434,4,1,75
392,6/25/2011,434,0,1,40
392,7/11/2011,448,0,1,40
392,6/25/2011,434,0,1,70
392,6/6/2011,446,1,1,100
392,7/16/2014,404,0,1,40
392,7/1/2012,373,8,0,10
392,6/17/2013,445,0,1,80
392,7/2/2013,460,0,1,35
392,6/29/2014,393,0,1,15
392,7/2/2013,460,0,1,20
392,6/29/2014,393,0,1,10
392,6/18/2012,444,0,0,20
392,6/2/2012,496,0,1,55
392,6/18/2012,444,0,1,20
392,6/2/2012,496,3,1,45
392,6/2/2012,496,0,1,90
392,6/2/2012,496,1,1,25
392,7/11/2011,448,NA,1,40
393,6/13/2014,392,0,1,90
393,7/2/2013,482,0,1,70
393,7/16/2014,401,0,1,60
393,6/17/2013,466,2,1,65
393,7/2/2013,482,0,1,50
393,6/27/2014,498,6,0,20
393,7/11/2011,472,3,1,70
393,6/27/2014,498,0,1,40
393,6/18/2012,466,5,1,50
393,6/25/2011,408,0,1,75
393,7/11/2011,472,0,0,25
393,7/2/2013,482,0,1,80
393,7/16/2014,401,6,1,40
393,6/25/2011,408,1,1,80
393,6/2/2012,469,7,0,40
393,6/18/2012,466,0,1,90
393,6/6/2011,468,1,1,85
393,6/2/2012,469,3,1,60
393,6/25/2011,408,0,1,40
393,6/6/2011,468,0,1,60
393,7/11/2011,472,0,1,30
393,6/25/2011,408,2,1,70
393,7/16/2014,401,0,1,50
393,6/25/2011,408,1,1,75
393,6/29/2014,386,6,0,45
393,6/29/2014,386,0,1,70
393,7/16/2014,401,0,1,70
393,6/27/2014,498,0,1,35
393,7/11/2011,472,0,1,45
393,6/29/2014,386,0,1,40
393,6/17/2013,466,2,1,80
393,7/1/2012,395,0,1,45
393,6/18/2012,466,5,1,30
393,6/6/2011,468,7,1,65
394,6/25/2011,381,0,1,40
394,6/18/2012,423,0,1,35
394,6/6/2011,505,2,1,90
394,6/18/2012,423,2,0,35
394,6/27/2014,451,2,0,20
394,6/17/2013,459,0,1,60
394,6/29/2014,386,4,1,60
394,7/11/2011,411,0,1,90
394,7/16/2014,410,2,1,60
394,7/1/2012,440,1,1,80
394,7/11/2011,411,0,1,50
394,6/25/2011,381,9,1,70
394,7/2/2013,479,0,1,80
394,7/11/2011,411,0,1,95
394,7/1/2012,440,0,1,55
394,6/13/2014,446,0,1,90
394,6/27/2014,451,0,1,80
394,6/27/2014,451,0,1,70
394,6/13/2014,446,7,1,40
394,6/17/2013,459,0,1,80
395,6/27/2014,392,0,1,80
395,7/2/2013,408,0,1,55
395,6/17/2013,401,0,1,80
395,6/6/2011,388,0,1,30
395,6/13/2014,521,1,1,50
395,6/25/2011,491,1,1,80
395,7/11/2011,479,0,1,60
395,6/6/2011,388,0,1,80
395,6/29/2014,423,0,1,65
395,6/17/2013,401,1,1,40
395,6/17/2013,401,0,1,20
395,6/2/2012,395,0,1,90
395,7/16/2014,435,5,1,40
395,7/16/2014,435,3,1,65
395,6/25/2011,491,0,1,60
395,6/27/2014,392,0,1,20
395,7/2/2013,408,0,1,85
395,6/29/2014,423,0,1,85
395,6/2/2012,395,0,1,35
395,6/27/2014,392,0,1,100
395,7/16/2014,435,0,1,30
395,6/18/2012,479,0,1,80
395,5/30/2013,510,0,1,30
395,5/30/2013,510,0,1,70
395,6/29/2014,423,2,0,40
401,6/12/2014,393,0,1,60
401,6/27/2014,404,0,1,60
401,6/17/2013,362,0,1,60
401,6/17/2013,362,0,1,95
401,7/13/2014,398,0,1,40
401,7/2/2013,477,0,1,90
401,6/2/2012,501,0,1,90
401,6/6/2011,472,2,1,75
401,6/6/2011,472,1,1,80
401,7/13/2014,398,0,1,45
401,6/6/2011,472,0,1,60
401,6/6/2011,472,4,1,50
401,6/18/2012,401,0,1,40
401,7/11/2011,401,5,0,15
401,6/25/2011,606,0,1,35
401,6/27/2014,404,5,0,40
401,7/1/2012,471,0,1,50
402,7/2/2013,455,9,0,80
402,6/2/2012,448,0,1,50
402,6/6/2011,523,0,0,40
402,6/6/2011,523,0,1,40
402,6/6/2011,523,0,1,55
402,6/25/2014,477,0,1,35
402,6/2/2012,448,6,1,55
402,6/11/2014,436,5,1,50
402,6/2/2012,448,0,1,65
402,6/6/2011,523,0,1,70
402,7/11/2011,439,7,1,90
402,7/2/2013,455,0,1,40
402,6/25/2011,395,2,1,50
402,7/1/2012,409,0,1,80
402,7/2/2013,455,0,1,55
402,7/13/2014,442,0,1,70
402,6/27/2014,450,0,1,45
402,6/18/2012,447,1,1,25
402,6/17/2013,415,2,1,65
402,7/11/2011,439,3,1,90
402,6/27/2014,450,0,1,55
402,7/13/2014,442,1,1,60
402,7/11/2011,439,0,1,85
403,6/6/2011,545,0,1,50
403,7/1/2012,389,0,1,90
403,6/2/2012,420,0,1,85
403,6/25/2011,377,2,1,80
403,6/25/2011,377,0,1,40
403,6/2/2012,420,0,1,60
403,6/27/2014,559,5,1,40
403,6/27/2014,559,2,1,45
403,6/17/2013,431,6,0,70
403,6/6/2011,545,0,1,60
403,7/11/2011,458,0,1,90
404,6/6/2011,499,0,1,60
404,6/2/2012,508,1,1,80
404,6/17/2013,420,2,1,50
404,6/25/2014,421,0,1,45
404,6/25/2011,425,0,1,75
404,6/12/2014,396,0,1,25
404,6/17/2013,420,0,1,30
404,6/18/2012,427,0,1,25
404,7/2/2013,395,1,0,15
404,6/6/2011,499,0,1,30
404,6/25/2014,421,3,1,70
404,6/25/2011,425,1,1,20
404,7/11/2011,540,0,0,25
404,6/6/2011,499,6,1,100
404,6/2/2012,508,6,0,30
404,6/2/2012,508,5,1,45
404,7/13/2014,435,0,1,30
404,6/25/2014,421,0,0,40
404,7/2/2013,395,0,1,40
404,7/2/2013,395,0,1,50
404,7/13/2014,435,7,0,65
404,7/1/2012,443,0,1,12
404,7/1/2012,443,0,1,25
405,6/25/2011,394,0,1,20
405,6/2/2012,536,0,1,20
405,7/1/2012,421,0,1,45
405,7/11/2011,517,0,1,90
405,6/2/2012,536,0,0,10
405,7/11/2011,517,0,1,30
405,7/1/2012,421,0,0,15
405,6/27/2014,418,4,1,40
405,6/2/2012,536,0,1,50
405,7/11/2011,517,8,0,60
405,6/27/2014,418,0,1,40
405,6/18/2012,405,0,1,40
405,7/2/2013,433,0,1,80
405,7/2/2013,433,0,1,10
405,6/18/2012,405,0,1,65
405,7/13/2014,415,0,0,70
405,7/13/2014,415,0,1,80
405,7/13/2014,415,0,1,60
405,6/17/2013,396,0,1,35
405,6/2/2012,536,5,1,80
405,6/25/2014,400,1,1,70
405,7/11/2011,517,0,1,45
405,6/25/2014,400,0,1,45
405,6/6/2011,522,0,1,30
405,6/25/2011,394,0,1,80
405,6/12/2014,425,0,1,35
405,6/6/2011,522,2,1,50
406,7/13/2014,461,0,0,10
406,6/25/2011,573,0,1,90
406,6/27/2014,475,9,0,45
406,6/25/2014,402,0,1,75
406,6/2/2012,576,2,0,40
406,6/2/2012,576,0,1,90
406,5/30/2013,406,0,1,90
406,6/6/2011,428,0,1,70
406,7/1/2012,397,0,1,35
406,6/25/2011,573,4,1,25
406,7/13/2014,461,0,1,55
406,6/25/2011,573,0,1,60
406,6/25/2011,573,0,1,20
406,7/11/2011,494,0,1,75
406,6/27/2014,475,0,1,60
406,7/2/2013,516,0,1,50
406,6/25/2014,402,0,1,45
406,6/17/2013,508,0,1,40
406,6/18/2012,378,3,1,70
407,7/11/2011,476,0,1,100
407,6/6/2011,402,0,1,70
407,6/27/2014,496,0,1,45
407,7/1/2012,378,1,1,95
407,6/18/2012,366,1,1,40
407,7/11/2011,476,0,1,85
407,6/6/2011,402,0,1,60
407,6/6/2011,402,2,1,40
407,6/25/2011,543,3,1,70
407,7/11/2011,476,8,0,90
407,5/30/2013,382,8,1,80
407,7/13/2014,480,0,1,30
407,5/30/2013,382,7,1,55
407,6/17/2013,510,0,1,35
407,7/1/2012,378,5,0,20
407,5/30/2013,382,0,1,50
407,6/12/2014,449,0,1,90
407,6/12/2014,449,0,1,90
407,6/17/2013,510,2,1,65
407,6/2/2012,547,0,1,80
407,6/25/2014,381,1,1,75
407,7/13/2014,480,4,1,90
407,7/13/2014,480,6,0,45
408,6/25/2014,503,0,1,80
408,6/27/2014,386,3,1,45
408,7/11/2011,554,0,1,45
408,7/13/2014,386,0,1,65
408,6/25/2011,524,6,1,60
408,7/11/2011,554,2,1,25
408,7/2/2013,365,1,1,80
408,6/27/2014,386,3,0,40
408,7/1/2012,377,0,1,25
408,7/13/2014,386,0,1,85
408,6/17/2013,365,0,1,50
408,6/2/2012,401,0,1,35
408,6/11/2014,403,0,1,90
408,6/25/2014,503,0,1,40
408,6/2/2012,401,4,1,60
408,6/6/2011,402,0,1,60
408,7/11/2011,554,4,1,40
408,6/17/2013,365,4,1,30
408,7/2/2013,365,0,1,65
408,6/2/2012,401,0,1,50
408,6/6/2011,402,3,1,90
408,7/11/2011,554,0,1,75
409,6/25/2011,505,0,1,70
409,6/27/2014,515,2,1,20
409,7/1/2012,396,0,1,40
409,7/11/2011,572,0,1,60
409,7/13/2014,496,5,0,70
409,6/27/2014,515,4,1,55
409,6/25/2014,481,0,1,45
409,6/11/2014,425,1,0,45
409,6/2/2012,429,0,1,95
409,6/17/2013,483,1,1,50
409,6/17/2013,483,1,1,35
409,7/11/2011,572,0,1,75
409,6/17/2013,483,1,0,60
409,6/25/2011,505,0,1,50
409,6/2/2012,429,2,1,100
409,6/25/2014,481,0,1,60
409,6/6/2011,428,0,1,45
409,6/6/2011,428,0,1,65
409,7/13/2014,496,3,0,75
409,6/27/2014,515,0,0,25
410,6/25/2014,462,0,1,80
410,7/1/2012,416,3,1,20
410,6/27/2014,486,0,1,20
410,6/6/2011,452,0,1,80
410,7/13/2014,475,0,1,65
410,6/25/2014,462,0,1,55
410,6/25/2014,462,2,0,50
410,7/13/2014,475,2,0,70
410,6/27/2014,486,0,1,40
410,7/2/2013,455,0,1,75
410,6/17/2013,463,0,1,65
410,6/25/2011,486,0,1,80
410,6/25/2011,486,0,1,65
410,5/30/2013,453,0,1,80
410,6/25/2011,486,7,1,20
411,6/25/2014,441,0,1,50
411,7/1/2012,440,7,1,20
411,6/25/2014,441,0,1,80
411,7/2/2013,412,0,1,15
411,6/2/2012,480,1,1,30
411,6/17/2013,441,3,1,60
411,7/13/2014,455,0,1,45
411,6/11/2014,480,5,1,75
411,6/18/2012,452,0,1,75
411,7/13/2014,455,9,1,70
411,7/13/2014,455,0,1,35
411,7/13/2014,455,0,1,40
411,7/1/2012,440,0,1,40
411,6/27/2014,466,0,1,65
411,6/27/2014,466,4,1,65
411,6/2/2012,480,5,1,90
412,7/2/2013,494,5,1,30
412,7/11/2011,422,0,1,35
412,5/30/2013,472,1,1,50
412,6/2/2012,474,0,1,80
412,6/25/2011,608,0,1,40
412,6/17/2013,386,2,1,90
412,7/11/2011,422,1,1,50
412,6/27/2014,424,0,1,50
412,6/27/2014,424,0,1,65
412,7/13/2014,419,1,1,70
412,7/2/2013,494,2,1,80
412,6/17/2013,386,0,1,30
412,6/25/2011,608,0,1,50
412,7/1/2012,428,0,1,70
412,7/13/2014,419,0,1,80
412,6/17/2013,386,0,1,40
412,6/2/2012,474,1,0,45
412,7/13/2014,419,9,0,40
412,6/2/2012,474,0,1,45
412,6/18/2012,428,5,0,35
412,7/2/2013,494,1,1,75
412,6/25/2014,456,1,1,75
412,6/18/2012,428,0,1,40
412,6/18/2012,428,0,1,70
412,6/6/2011,502,5,1,70
412,6/2/2012,474,7,0,60
412,6/11/2014,457,4,0,50
416,7/7/2011,488,0,1,70
417,7/7/2013,437,0,1,90
417,5/31/2012,521,1,1,100
417,6/26/2014,484,6,1,35
417,7/7/2011,435,0,1,70
417,6/9/2014,412,5,1,90
418,6/16/2013,573,0,1,60
594,6/22/2014,519,0,1,60
594,6/29/2012,437,0,1,40
594,6/17/2011,449,0,1,60
594,5/30/2013,392,9,1,20
594,6/29/2012,437,0,1,10
594,6/22/2014,519,0,1,75
594,6/18/2012,532,2,1,100
594,7/12/2011,552,1,1,60
594,6/22/2014,519,0,0,45
594,7/9/2014,493,0,1,45
594,6/2/2012,400,3,1,35
594,6/5/2014,408,0,1,30
594,7/9/2014,493,0,1,40
594,7/12/2011,552,0,1,65
594,6/6/2011,504,0,1,45
594,6/6/2011,504,0,1,60
594,6/5/2014,408,0,1,60
594,6/6/2011,504,8,0,45
594,7/12/2011,552,6,1,35
594,6/2/2012,400,0,1,70
594,6/29/2012,437,3,0,20
594,7/9/2014,493,7,1,90
594,7/12/2011,552,2,1,100
594,7/2/2013,385,0,1,70
594,6/29/2012,437,0,1,45
594,6/18/2012,532,0,1,90
594,5/30/2013,392,5,1,50
594,6/5/2014,408,0,1,50
594,7/2/2013,385,0,1,20
594,7/12/2011,552,0,1,45
595,6/2/2012,378,0,1,30
595,6/29/2012,454,6,0,10
595,6/18/2013,477,0,1,90
595,6/5/2014,432,0,1,40
595,6/2/2012,378,0,1,50
595,6/24/2014,384,4,1,50
595,6/22/2014,481,6,0,45
595,7/12/2011,497,0,1,70
595,6/22/2014,481,0,1,45
595,6/17/2011,426,4,1,70
595,6/5/2014,432,0,1,70
595,7/9/2014,386,1,1,45
595,6/29/2012,454,5,0,20
595,6/17/2011,426,1,1,95
595,6/22/2014,481,2,1,70
595,7/2/2013,431,0,1,35
595,5/30/2013,371,0,1,80
595,5/30/2013,371,0,1,50
595,5/30/2013,371,0,1,50
595,5/30/2013,371,0,1,70
596,6/6/2011,523,0,1,40
596,6/29/2012,372,0,1,95
596,6/29/2012,372,0,1,65
596,6/18/2012,473,0,1,40
596,6/6/2011,523,0,1,30
596,6/5/2014,473,0,1,60
596,6/24/2014,427,1,0,60
596,6/6/2011,523,2,1,45
596,6/22/2014,444,5,1,50
596,6/18/2012,473,1,1,60
596,5/30/2013,465,0,1,50
596,6/22/2014,444,6,0,45
596,6/22/2014,444,0,1,90
596,6/29/2012,372,2,1,90
596,7/2/2013,485,0,1,50
596,7/12/2011,404,2,1,90
597,6/2/2012,452,0,1,90
597,6/6/2011,382,0,1,70
597,6/29/2012,395,2,1,60
597,6/18/2012,507,0,0,35
597,6/6/2011,382,9,1,80
597,6/22/2014,404,3,0,40
597,6/24/2014,451,5,0,80
597,6/18/2013,407,0,1,30
597,6/22/2014,404,0,1,45
597,6/6/2011,382,0,1,80
597,6/29/2012,395,0,1,85
598,6/22/2014,535,0,1,50
598,6/22/2014,535,0,1,80
598,6/29/2012,420,0,1,100
598,6/5/2014,389,0,1,65
598,6/6/2011,406,0,1,80
598,7/2/2013,563,2,1,80
598,7/12/2011,463,1,1,95
598,6/17/2011,560,3,1,40
598,6/5/2014,389,4,0,45
598,6/6/2011,406,4,1,90
598,6/6/2011,406,2,1,60
598,7/12/2011,463,0,1,70
598,6/6/2011,406,7,1,90
599,6/17/2011,400,3,1,70
599,6/18/2013,346,9,0,60
599,6/17/2011,400,0,1,85
599,6/29/2012,349,3,0,30
599,6/29/2012,349,3,1,65
599,6/5/2014,450,0,1,80
599,6/29/2012,349,9,0,15
599,6/2/2013,454,0,0,20
600,7/2/2012,558,0,1,100
600,7/2/2012,558,1,1,75
600,6/13/2011,557,1,1,75
600,7/2/2012,558,2,1,70
600,6/17/2013,531,4,1,50
600,5/31/2012,379,0,1,35
600,7/6/2011,413,1,1,75
600,6/16/2012,513,0,1,70
600,7/1/2013,429,2,1,60
600,5/30/2013,398,0,1,70
600,5/30/2011,400,0,1,45
600,6/16/2012,513,0,1,70
600,5/30/2013,398,9,0,45
600,7/2/2012,558,0,1,80
600,6/19/2014,513,0,1,50
600,7/4/2014,516,0,1,50
600,6/19/2014,513,2,1,45
600,6/2/2014,387,0,1,50
600,5/30/2011,400,3,1,30
600,6/2/2014,387,0,1,70
600,6/17/2014,540,2,1,65
600,6/19/2014,513,0,1,50
601,6/13/2011,418,5,1,85
601,7/1/2013,411,1,1,75
601,6/2/2014,405,2,1,80
601,5/30/2013,414,0,1,80
601,6/17/2013,512,3,0,55
601,5/30/2011,530,0,1,40
601,6/19/2014,531,8,0,70
601,6/16/2012,495,0,1,60
601,6/17/2014,518,7,1,90
601,6/17/2014,518,0,1,50
601,7/4/2014,539,5,0,25
601,6/2/2014,405,6,1,50
601,7/4/2014,539,0,1,40
601,7/4/2014,539,5,0,30
602,7/4/2014,557,0,1,40
602,6/17/2013,490,2,1,60
602,7/6/2011,530,9,1,60
602,7/6/2011,530,0,1,70
602,7/4/2014,557,0,1,70
602,7/1/2013,391,0,1,80
602,6/19/2014,548,0,1,80
602,5/30/2011,510,0,1,60
602,6/17/2014,500,3,1,100
603,6/19/2014,439,7,1,60
603,5/30/2011,502,0,1,45
603,6/19/2014,439,5,1,40
603,6/13/2011,428,0,1,70
603,5/31/2012,508,0,1,80
603,5/30/2013,520,0,1,40
603,5/30/2011,502,3,1,55
603,7/4/2014,440,0,1,50
603,7/4/2014,440,7,1,15
603,6/17/2013,394,0,1,80
603,6/17/2013,394,0,1,35
603,7/1/2013,479,1,1,75
603,6/19/2014,439,0,1,75
603,6/16/2012,381,0,1,65
603,6/16/2012,381,0,1,80
603,6/2/2014,484,0,1,65
603,6/17/2014,444,4,1,70
603,7/6/2011,512,5,1,60
603,7/1/2013,479,1,1,80
603,7/6/2011,512,0,1,60
603,6/17/2014,444,0,1,60
603,7/4/2014,440,0,1,90
603,5/31/2012,508,3,1,80
603,6/17/2013,394,1,1,90
603,7/4/2014,440,0,0,40
603,7/2/2012,481,0,1,60
603,7/1/2013,479,9,1,45
603,7/2/2012,481,8,0,60
604,7/4/2014,459,0,1,70
604,5/30/2011,510,2,1,80
604,6/13/2011,439,1,1,65
604,6/19/2014,460,0,1,90
604,7/2/2012,392,1,0,75
604,5/31/2012,526,0,1,80
604,7/1/2013,461,3,0,30
604,7/4/2014,459,0,1,60
604,5/30/2013,540,0,1,25
604,6/19/2014,460,2,0,30
604,7/2/2012,392,1,1,100
604,7/1/2013,461,9,1,70
604,6/19/2014,460,0,1,40
604,6/17/2014,424,0,1,40
604,6/16/2012,361,0,1,25
604,6/17/2014,424,0,1,45
604,6/19/2014,460,0,1,60
604,6/2/2014,505,0,1,70
604,5/30/2011,510,0,1,60
604,6/2/2014,505,0,0,50
604,6/2/2014,505,4,1,40
604,6/16/2012,361,0,1,80
605,7/2/2012,365,0,1,85
605,7/1/2013,446,0,1,80
605,7/1/2013,446,1,1,50
605,5/30/2011,420,8,1,25
605,5/30/2013,380,8,1,90
605,7/1/2013,446,3,0,25
605,6/13/2011,538,9,1,40
605,6/16/2012,532,3,1,75
605,7/6/2011,436,0,1,95
605,6/19/2014,496,0,1,50
605,7/2/2012,365,0,1,100
605,5/31/2012,359,0,1,80
605,7/4/2014,496,2,0,40
605,6/17/2013,548,1,1,30
605,7/6/2011,436,0,1,70
605,7/4/2014,496,0,1,35
605,5/30/2011,420,0,1,55
605,5/30/2013,380,0,1,45
605,7/2/2012,365,2,1,100
605,6/17/2014,407,4,0,50
605,5/30/2011,420,7,1,45
605,6/17/2013,548,0,1,40
605,6/2/2014,526,0,1,40
605,5/31/2012,359,2,1,95
605,6/16/2012,532,0,1,50
605,5/31/2012,359,6,1,45
605,6/2/2014,526,0,1,60
605,6/17/2014,407,0,1,20
605,6/19/2014,496,0,1,90
605,5/30/2013,380,0,1,35
606,5/30/2011,440,3,1,75
606,7/6/2011,454,0,1,85
606,5/30/2013,381,5,1,90
606,7/2/2012,368,0,1,70
606,6/13/2011,521,0,1,60
606,6/17/2013,514,0,1,35
606,6/2/2014,566,0,1,60
606,6/2/2014,566,2,1,80
606,6/17/2014,389,0,1,25
606,6/13/2011,521,0,1,40
606,7/1/2013,444,0,1,30
606,6/17/2014,389,0,1,75
606,6/17/2014,389,0,1,45
606,5/31/2012,362,0,1,60
606,7/2/2012,368,0,1,95
606,7/6/2011,454,0,1,50
606,7/4/2014,478,0,1,50
606,5/31/2012,362,0,1,20
606,7/2/2012,368,7,0,10
606,5/30/2011,440,0,1,45
606,7/4/2014,478,0,1,70
606,6/19/2014,481,0,1,45
606,7/2/2012,368,6,1,90
606,7/4/2014,478,8,0,45
606,6/16/2012,502,2,1,95
606,5/31/2012,362,0,1,30
606,6/17/2013,514,0,1,45
606,5/30/2011,440,4,1,45
606,7/2/2012,368,0,1,80
607,6/17/2013,494,9,1,50
607,6/17/2014,562,0,1,50
607,5/30/2011,486,NA,0,45
607,6/3/2014,405,0,1,80
607,7/4/2014,453,8,1,55
607,6/17/2014,562,4,1,35
607,6/13/2011,462,7,1,65
607,6/19/2014,454,1,1,100
607,6/16/2012,359,0,1,70
607,7/4/2014,453,0,1,45
607,5/30/2011,486,NA,0,45
607,5/30/2013,400,0,1,40
607,5/30/2011,486,0,1,65
607,6/19/2014,454,1,1,80
607,6/13/2011,462,9,1,95
607,6/3/2014,405,0,1,35
607,6/19/2014,454,6,0,60
607,5/30/2011,486,3,1,55
607,7/2/2012,538,0,1,50
607,6/19/2014,454,0,1,50
608,6/19/2014,474,2,1,80
608,5/30/2011,480,1,1,90
608,7/1/2013,496,0,1,50
608,5/30/2013,501,0,1,85
608,5/31/2012,492,2,0,80
608,6/17/2013,415,6,0,25
608,7/6/2011,492,4,1,50
608,6/19/2014,474,3,1,35
608,6/3/2014,423,0,1,70
608,7/6/2011,492,0,1,80
608,6/17/2013,415,0,1,70
608,7/2/2012,416,0,1,100
608,7/4/2014,469,0,1,65
608,7/6/2011,492,2,1,45
608,6/17/2014,544,0,1,75
608,6/16/2012,402,0,1,80
608,7/1/2013,496,0,1,70
609,6/16/2012,402,0,1,75
609,7/2/2012,493,0,1,40
609,5/30/2013,436,1,1,70
609,7/2/2012,493,4,1,20
609,7/1/2013,501,8,0,25
609,6/17/2013,457,0,1,35
609,5/30/2011,460,9,1,50
609,5/30/2013,436,0,1,80
609,7/2/2012,493,1,1,70
609,6/16/2012,402,0,1,30
609,5/30/2013,436,0,1,25
609,6/17/2014,483,2,1,70
609,7/2/2012,493,0,1,85
609,6/19/2014,434,0,1,35
609,6/19/2014,434,3,1,30
609,6/16/2012,402,0,0,35
609,7/6/2011,475,0,1,90
609,6/17/2014,483,0,1,60
609,7/6/2011,475,2,1,70
609,5/30/2013,436,1,1,80
610,6/16/2012,379,4,0,30
610,6/16/2012,379,1,1,80
610,7/2/2012,518,9,1,80
610,6/17/2014,465,0,1,40
610,5/31/2012,509,1,1,40
610,5/30/2011,470,0,1,35
610,6/17/2014,465,2,1,80
610,5/30/2011,470,0,1,40
610,7/4/2014,416,0,1,80
610,6/17/2014,465,0,1,55
610,7/1/2013,485,4,0,20
610,7/6/2011,491,0,1,35
610,6/17/2014,465,0,1,75
610,6/13/2011,486,0,1,75
610,7/4/2014,416,0,1,10
610,5/30/2013,417,8,0,15
610,6/19/2014,411,0,1,20
610,7/6/2011,491,8,0,5
610,7/1/2013,485,0,1,55
610,7/6/2011,491,0,1,65
610,5/30/2011,470,2,0,60
610,6/3/2014,495,0,1,60
610,6/16/2012,379,0,0,40
610,5/30/2011,470,2,0,20
610,7/4/2014,416,1,1,30
610,7/2/2012,518,0,1,95
610,6/19/2014,411,0,1,25
610,7/2/2012,518,0,1,85
610,7/2/2012,518,0,1,35
610,7/4/2014,416,0,1,55
611,6/16/2012,488,0,1,100
611,6/19/2014,392,0,1,80
611,7/2/2012,388,0,1,35
611,5/31/2012,383,0,1,50
611,6/17/2014,448,4,0,45
611,6/19/2014,392,0,1,25
611,7/4/2014,399,6,1,90
611,7/2/2012,388,0,1,20
611,7/4/2014,399,0,1,50
611,6/3/2014,514,0,1,35
611,7/6/2011,472,2,1,65
611,7/2/2012,388,0,1,40
611,6/19/2014,392,0,1,90
611,5/30/2011,452,0,1,40
611,6/17/2013,367,1,1,25
611,7/4/2014,399,0,1,20
611,7/2/2012,388,1,1,85
611,6/17/2013,367,0,1,45
611,6/16/2012,488,0,1,45
611,7/6/2011,472,4,0,25
611,7/4/2014,399,0,1,25
611,5/30/2011,452,3,1,60
611,7/2/2012,388,0,1,80
611,6/17/2014,448,0,1,60
611,7/6/2011,472,0,1,40
611,7/4/2014,399,0,1,40
611,6/16/2012,488,0,1,95
611,7/1/2013,427,0,1,65
611,7/1/2013,427,6,0,30
611,7/1/2013,427,0,1,90
611,6/13/2011,505,1,1,75
611,5/31/2012,383,0,1,90
611,5/31/2012,383,5,1,100
611,6/17/2013,367,0,1,35
611,6/17/2014,448,2,1,75
611,5/30/2013,528,0,1,35
611,5/30/2011,452,1,1,45
611,5/30/2013,528,0,1,90
611,7/2/2012,388,2,1,15
612,5/30/2011,395,0,1,80
612,5/30/2011,395,1,1,90
612,7/4/2014,557,9,1,70
612,6/19/2014,591,4,1,60
612,6/16/2012,473,1,0,15
612,6/16/2012,473,7,1,45
612,7/4/2014,557,0,1,25
612,6/16/2012,473,8,1,95
612,6/17/2013,383,0,0,30
612,7/2/2012,409,0,1,95
612,6/19/2014,591,2,1,50
612,6/3/2014,532,0,1,75
612,7/2/2012,409,2,1,60
612,7/2/2012,409,8,1,20
612,6/17/2014,433,4,1,70
612,6/17/2014,433,9,0,50
612,7/4/2014,557,3,1,35
612,6/17/2013,383,1,1,40
612,6/17/2014,433,0,1,80
612,7/1/2013,412,2,0,55
612,7/6/2011,417,0,1,60
612,5/30/2013,514,0,1,70
612,6/13/2011,530,4,1,50
612,7/6/2011,417,4,1,60
613,7/2/2012,428,0,1,85
613,6/17/2014,417,0,1,45
613,7/2/2012,428,0,1,80
613,7/6/2011,433,1,1,90
613,7/2/2012,428,0,1,40
613,7/6/2011,433,0,1,80
613,6/3/2014,550,0,1,45
613,6/16/2012,451,6,1,45
613,6/3/2014,550,0,1,90
613,5/30/2011,420,0,1,40
613,5/30/2013,496,4,1,60
613,6/17/2014,417,1,1,45
613,6/13/2011,513,1,0,70
613,6/19/2014,568,0,1,30
613,5/31/2012,420,0,1,90
613,7/6/2011,433,0,1,70
613,6/17/2014,417,0,1,50
613,6/3/2014,550,0,0,35
613,7/1/2013,394,1,1,45
613,6/19/2014,568,0,1,30
613,6/19/2014,568,0,1,70
613,6/17/2014,417,8,0,30
613,5/31/2012,420,2,1,40
613,5/30/2011,420,9,0,20
613,5/30/2011,420,0,1,20
613,7/4/2014,540,0,1,15
613,7/1/2013,394,0,0,50
613,7/2/2012,428,1,1,85
613,6/17/2014,417,0,1,75
613,6/16/2012,451,1,1,90
614,6/19/2014,552,3,1,75
614,6/17/2014,400,0,1,55
614,6/3/2014,570,6,1,50
614,6/19/2014,552,4,0,30
614,7/6/2011,455,0,1,80
614,6/13/2011,492,0,1,45
614,7/4/2014,523,0,1,65
614,7/4/2014,523,0,1,40
614,6/16/2012,435,1,1,40
614,6/16/2012,435,0,1,50
614,6/17/2014,400,2,0,30
614,5/30/2013,476,1,1,70
614,5/30/2011,420,0,1,90
615,6/9/2014,445,0,1,70
615,5/30/2012,471,1,1,70
615,6/29/2013,507,0,1,30
615,6/20/2014,421,9,1,90
615,6/21/2014,510,0,0,45
615,6/14/2012,490,1,1,65
615,7/5/2011,555,7,1,40
615,7/5/2011,555,0,1,45
615,7/5/2011,555,2,1,50
615,5/30/2012,471,9,1,65
615,6/21/2014,510,0,1,25
615,6/14/2011,428,0,1,85
615,6/20/2014,421,2,0,90
615,6/29/2012,423,0,1,60
615,5/30/2012,471,1,1,80
615,7/7/2014,506,5,1,65
615,6/20/2014,421,0,1,90
615,6/14/2011,428,1,1,20
615,7/7/2014,506,0,1,60
615,6/14/2012,490,0,1,70
615,6/9/2014,445,0,1,80
615,6/15/2013,385,0,1,10
616,6/9/2014,422,9,0,70
616,6/14/2012,464,2,1,45
616,5/30/2012,449,0,0,30
616,6/15/2013,390,1,1,45
616,6/29/2013,424,7,1,90
616,6/29/2012,398,3,1,30
616,6/29/2013,424,0,1,90
616,6/9/2014,422,0,1,50
616,7/7/2014,526,0,1,40
616,6/15/2013,390,0,1,30
616,5/30/2012,449,0,1,90
616,6/14/2011,430,0,1,40
616,7/5/2011,493,1,1,90
616,6/14/2012,464,0,1,80
616,6/7/2011,492,3,1,70
616,6/21/2014,532,0,1,40
616,6/29/2012,398,1,1,40
616,6/14/2011,430,0,1,30
616,6/29/2012,398,0,1,45
616,6/9/2014,422,0,1,75
616,6/7/2011,492,2,1,45
616,6/29/2012,398,5,1,45
616,6/14/2011,430,2,1,60
616,6/21/2014,532,0,1,70
616,5/30/2012,449,6,1,85
616,7/7/2014,526,0,1,70
616,6/29/2012,398,3,1,35
616,7/5/2011,493,1,1,50
617,6/15/2013,366,0,1,50
617,6/9/2014,396,0,1,50
617,7/7/2014,546,0,1,40
617,6/29/2012,373,0,1,25
617,6/14/2012,442,0,1,75
617,7/7/2014,546,1,1,70
617,6/9/2014,396,0,1,75
617,6/14/2011,410,0,1,30
617,6/29/2012,373,1,1,90
617,6/14/2011,410,0,1,60
617,6/7/2011,509,4,1,85
617,6/15/2013,366,0,1,15
617,6/15/2013,366,0,1,30
617,6/29/2013,406,0,1,25
617,7/5/2011,517,0,1,45
617,6/14/2012,442,0,1,80
617,6/21/2014,552,0,1,40
617,6/20/2014,453,3,0,50
617,5/30/2012,416,2,1,90
617,6/29/2013,406,8,1,25
617,6/21/2014,552,0,0,30
617,6/21/2014,552,0,1,70
617,6/14/2011,410,1,1,80
617,6/29/2012,373,9,1,50
617,6/29/2012,373,9,0,30
617,5/29/2013,488,0,1,90
617,6/29/2012,373,6,1,45
617,6/21/2014,552,0,1,60
617,6/29/2012,373,0,1,65
618,6/29/2012,496,0,1,70
618,6/14/2011,470,6,1,80
618,6/14/2011,470,0,1,70
618,6/14/2011,470,5,1,65
618,5/30/2012,386,0,1,50
618,5/29/2013,417,0,1,60
618,7/7/2014,444,0,1,90
618,6/20/2014,505,0,1,35
618,6/29/2012,496,0,1,50
618,7/5/2011,449,1,1,65
618,6/20/2014,505,9,1,70
618,6/15/2013,428,1,1,70
618,5/29/2013,417,3,1,90
618,6/15/2013,428,1,1,60
618,7/7/2014,444,1,1,50
618,6/29/2013,465,9,0,40
618,6/21/2014,440,0,1,30
618,6/21/2014,440,0,1,60
618,6/29/2012,496,3,1,70
618,6/14/2012,422,0,1,60
618,6/9/2014,518,6,1,70
618,7/7/2014,444,0,1,60
618,6/7/2011,444,0,1,45
618,6/20/2014,505,0,1,90
618,6/9/2014,518,0,1,40
618,6/7/2011,444,9,0,40
618,6/9/2014,518,0,1,60
618,6/14/2012,422,0,1,80
618,7/5/2011,449,0,1,80
619,6/15/2013,409,1,1,40
619,6/14/2011,450,9,1,90
619,6/21/2014,459,0,1,40
619,5/30/2012,407,0,1,30
619,6/29/2013,447,0,1,45
619,6/29/2013,447,0,1,25
619,7/7/2014,463,0,1,45
619,5/30/2012,407,0,1,70
619,5/29/2013,440,1,1,80
619,6/9/2014,501,0,1,45
619,6/20/2014,521,3,0,30
619,7/5/2011,471,0,1,40
619,6/9/2014,501,5,0,40
619,6/7/2011,469,1,1,35
619,6/9/2014,501,0,1,75
619,6/7/2011,469,0,1,25
619,6/15/2013,409,0,1,80
619,7/7/2014,463,0,1,70
619,7/5/2011,471,0,1,25
619,6/29/2012,479,0,1,100
619,6/14/2012,577,0,1,55
619,6/14/2012,577,0,1,75
619,6/29/2013,447,0,1,40
619,7/7/2014,463,0,0,30
619,6/14/2011,450,0,1,45
619,6/15/2013,409,0,1,15
619,6/20/2014,521,3,1,55
619,6/21/2014,459,0,1,55
619,6/29/2012,479,0,1,100
619,6/29/2012,479,0,1,100
620,6/14/2012,523,0,1,60
620,6/29/2013,482,0,1,15
620,6/21/2014,482,0,1,75
620,6/14/2011,461,0,1,65
620,6/15/2013,408,0,1,15
620,6/29/2013,482,0,1,25
620,5/30/2012,431,0,1,100
620,7/5/2011,519,3,1,70
620,6/7/2011,503,2,0,10
620,6/7/2011,503,0,1,30
620,6/9/2014,474,5,0,50
620,5/30/2012,431,0,1,80
620,6/15/2013,408,2,1,30
620,6/29/2012,453,0,1,100
620,7/5/2011,519,0,1,60
620,7/7/2014,482,0,1,80
620,6/29/2012,453,0,1,40
620,6/29/2012,453,9,1,40
620,6/9/2014,474,0,1,90
620,6/20/2014,403,0,0,65
620,6/7/2011,503,0,0,25
621,6/20/2014,434,0,1,90
621,6/30/2012,469,0,1,90
621,6/30/2012,469,1,1,70
621,6/20/2014,434,0,1,45
621,6/14/2012,548,1,1,60
621,6/14/2012,548,0,1,90
621,6/20/2014,434,0,1,55
621,6/30/2012,469,9,1,80
621,5/29/2013,445,0,1,60
621,5/29/2013,445,2,1,45
621,5/30/2012,452,0,1,80
621,6/30/2012,469,0,1,75
621,7/5/2011,492,1,1,90
621,6/15/2013,428,0,1,70
621,6/11/2014,443,0,1,45
621,6/30/2012,469,4,1,60
621,5/30/2012,452,5,0,7
621,6/11/2014,443,0,1,90
621,7/5/2011,492,9,1,45
621,6/29/2013,464,4,1,40
621,7/7/2014,511,0,1,90
621,6/29/2013,464,0,1,25
621,6/29/2013,464,0,1,90
621,6/20/2014,434,0,0,40
622,6/30/2012,448,2,1,70
622,5/30/2012,443,0,1,95
622,5/29/2013,429,2,1,55
622,6/11/2014,423,0,1,30
622,6/7/2011,468,4,0,55
622,6/30/2012,448,2,1,90
622,6/7/2011,468,1,1,70
622,6/21/2014,478,4,1,60
622,6/15/2013,447,0,1,50
622,6/20/2014,417,0,1,70
622,6/21/2014,478,0,1,90
622,6/20/2014,417,0,1,25
622,5/29/2013,429,0,1,50
622,6/11/2014,423,0,1,70
622,6/20/2014,417,0,1,45
622,6/11/2014,423,0,1,60
622,6/19/2012,369,0,1,80
622,6/29/2013,445,0,1,75
622,6/14/2011,504,0,1,95
623,7/7/2014,475,0,1,50
623,6/15/2013,469,0,1,20
623,6/30/2012,428,0,1,100
623,6/19/2012,388,0,1,30
623,7/5/2011,447,0,1,40
623,6/19/2012,388,0,0,75
623,6/7/2011,447,7,0,80
623,6/15/2013,469,8,0,40
623,5/30/2012,423,0,0,40
623,6/20/2014,398,0,1,50
623,6/20/2014,398,0,1,30
623,6/20/2014,398,0,1,70
623,6/19/2012,388,NA,1,85
623,6/20/2014,398,0,1,50
623,6/30/2012,428,0,1,60
623,6/30/2012,428,0,1,40
623,5/30/2012,423,0,1,90
623,7/5/2011,447,0,1,40
623,6/19/2012,388,5,0,25
623,6/7/2011,447,0,1,70
623,6/29/2013,422,6,1,80
623,6/29/2013,422,0,1,30
623,6/11/2014,404,0,1,50
623,6/11/2014,404,4,1,85
623,6/11/2014,404,0,1,70
623,6/30/2012,428,9,1,90
624,6/7/2011,389,0,1,85
624,6/20/2014,503,3,1,40
624,6/9/2014,570,0,1,75
624,6/30/2012,343,0,1,100
624,6/14/2011,534,0,1,50
624,5/30/2012,363,0,1,85
624,6/29/2013,350,0,1,25
624,6/15/2013,485,5,1,40
624,6/14/2012,356,0,1,65
624,6/20/2014,503,0,1,50
624,6/29/2013,350,0,1,25
624,6/14/2011,534,0,1,40
624,6/14/2012,356,0,1,80
624,6/15/2013,485,0,1,70
624,6/14/2011,534,2,1,30
624,6/29/2013,350,0,1,30
624,6/9/2014,570,0,1,50
624,5/30/2012,363,0,1,100
624,6/20/2014,503,0,1,60
624,7/7/2014,398,5,0,55
624,6/21/2014,385,0,1,35
624,6/7/2011,389,3,1,95
624,5/29/2013,354,3,0,35
624,5/29/2013,354,0,1,80
624,5/29/2013,354,0,1,70
624,7/7/2014,398,0,1,80
625,6/14/2012,380,0,1,95
625,7/7/2014,400,0,1,80
625,7/5/2011,409,1,1,80
625,6/9/2014,552,0,1,85
625,6/14/2011,512,0,1,65
625,6/29/2013,369,2,1,35
625,6/14/2012,380,1,0,60
625,6/7/2011,408,1,1,75
625,7/7/2014,400,3,0,30
625,5/30/2012,383,0,1,60
625,6/21/2014,400,0,1,45
625,6/21/2014,400,0,1,80
625,6/29/2012,534,0,1,95
625,6/29/2013,369,0,1,80
625,6/29/2013,369,5,1,30
626,5/30/2012,368,0,1,80
626,6/9/2014,536,0,1,80
626,7/5/2011,429,6,1,80
626,6/29/2013,386,4,1,85
626,7/5/2011,429,0,1,90
626,7/5/2011,429,1,0,30
626,5/30/2012,368,0,1,75
626,6/15/2013,445,1,1,30
626,7/7/2014,424,0,1,80
626,5/30/2012,368,0,1,40
626,6/15/2013,445,0,1,50
626,6/14/2012,401,0,1,50
626,6/21/2014,414,0,1,80
626,6/9/2014,536,0,1,65
626,7/7/2014,424,0,1,25
626,6/29/2013,386,0,1,70
626,7/5/2011,429,0,1,65
626,5/29/2013,385,9,1,40
626,6/15/2013,445,2,0,30
627,6/7/2011,428,0,1,60
627,6/15/2013,490,0,1,50
627,7/5/2011,426,0,1,70
627,6/11/2014,384,0,1,50
627,7/5/2011,426,6,0,40
627,5/30/2012,405,0,0,55
627,6/19/2012,406,0,1,20
627,6/7/2011,428,7,0,30
627,7/5/2011,426,2,1,95
627,6/19/2012,406,0,1,75
627,6/11/2014,384,2,1,40
627,6/21/2014,438,7,1,50
627,6/20/2014,465,1,1,70
627,6/29/2013,403,0,1,40
627,6/21/2014,438,0,1,75
627,6/11/2014,384,0,1,90
627,5/30/2012,405,0,1,50
627,6/20/2014,465,0,1,35
627,6/14/2011,543,0,1,85
627,6/20/2014,465,6,0,40
628,6/14/2011,562,7,1,20
628,7/5/2011,408,0,1,80
628,6/30/2012,390,3,1,90
629,7/3/2012,490,2,1,100
629,7/3/2012,490,1,1,80
629,6/16/2014,387,0,1,50
629,6/16/2014,387,5,1,75
631,6/6/2014,392,0,1,80
632,7/3/2012,471,1,1,70
632,6/16/2014,408,0,1,60
632,6/30/2011,479,2,0,30
632,6/30/2011,479,1,1,50
633,5/31/2012,376,0,1,95
633,6/16/2014,427,0,1,80
633,7/3/2012,393,0,1,40
633,6/2/2011,464,9,1,95
634,7/1/2014,409,1,1,60
634,7/3/2012,371,0,1,80
634,6/16/2014,443,0,1,45
634,7/3/2012,371,0,1,100
634,7/1/2014,409,7,1,20
634,6/14/2012,476,0,1,60
634,7/3/2012,371,9,1,60
634,6/15/2013,379,0,1,50
634,5/31/2012,394,0,1,80
634,6/30/2011,423,2,1,65
634,6/14/2012,476,0,1,45
634,5/31/2012,394,3,1,55
634,6/18/2014,405,0,1,25
634,5/31/2012,394,0,1,75
634,6/18/2014,405,2,1,50
634,6/14/2012,476,4,1,95
634,6/2/2011,480,0,1,45
635,6/2/2011,510,1,0,60
635,6/2/2011,510,4,1,75
635,6/30/2011,402,0,1,70
635,6/29/2013,407,0,1,80
635,6/18/2014,386,0,1,85
635,6/2/2011,510,0,0,40
635,6/18/2014,386,0,1,60
635,7/1/2014,390,1,0,85
635,6/29/2013,407,0,1,45
635,7/3/2012,508,3,1,95
635,6/16/2014,461,0,1,80
635,6/16/2014,461,0,1,70
635,6/18/2014,386,0,1,15
635,6/18/2014,386,0,1,75
635,7/1/2014,390,1,1,20
635,6/6/2014,519,0,1,90
635,7/3/2012,508,0,1,65
635,6/29/2013,407,0,1,60
635,6/14/2012,365,0,1,25
635,5/30/2012,596,5,1,60
635,6/15/2013,344,1,1,40
635,6/14/2012,365,0,1,50
635,7/1/2014,390,0,1,60
635,6/6/2014,519,0,1,70
635,6/29/2013,407,0,1,70
635,6/15/2013,344,3,1,90
635,6/29/2013,407,0,1,75
635,6/15/2013,344,0,1,40
635,6/15/2013,344,0,1,70
635,5/30/2012,596,0,1,55
635,5/30/2012,596,0,1,85
636,6/18/2014,456,0,1,55
636,7/1/2014,467,7,1,30
636,6/16/2014,505,3,1,25
636,6/18/2014,456,1,1,45
636,6/18/2014,456,0,1,75
636,6/6/2014,536,2,1,90
636,6/6/2014,536,0,1,70
636,6/29/2013,386,0,0,25
636,6/16/2014,505,0,1,50
636,6/29/2013,386,3,1,70
636,7/3/2012,411,0,1,100
636,6/6/2014,536,0,0,40
636,6/29/2013,386,0,1,80
636,7/3/2012,411,1,1,90
636,5/30/2012,576,0,1,90
636,6/15/2013,361,0,1,70
636,6/15/2013,361,0,1,30
636,6/30/2011,401,0,1,55
636,6/14/2012,439,8,1,85
636,6/20/2011,425,0,1,70
636,7/1/2014,467,0,1,70
637,6/29/2013,370,0,1,60
637,7/3/2012,438,8,0,70
637,6/30/2011,416,1,1,95
637,5/29/2013,449,1,1,80
637,6/6/2014,555,1,1,90
637,6/29/2013,370,0,1,20
637,5/30/2012,560,0,1,95
637,5/30/2012,560,3,1,60
637,6/18/2014,437,0,1,70
637,6/19/2011,499,8,1,45
638,6/18/2014,420,0,1,40
638,6/30/2011,432,2,1,70
638,7/1/2014,429,0,1,75
638,6/2/2011,483,0,1,95
638,6/18/2014,420,0,1,90
638,6/16/2014,398,0,1,45
638,7/9/2013,479,0,1,70
638,6/18/2013,415,3,1,55
638,6/14/2012,447,2,1,70
638,6/6/2014,580,9,1,50
638,6/6/2014,580,7,0,45
638,6/16/2014,398,9,1,85
638,7/3/2012,416,0,1,55
639,6/6/2014,600,0,1,40
639,7/3/2012,436,0,1,80
639,7/3/2012,436,5,1,100
639,6/18/2014,403,0,1,60
639,6/18/2014,403,0,1,75
639,6/18/2014,403,9,0,45
639,5/31/2012,439,0,1,70
639,6/20/2011,445,0,1,70
639,7/9/2013,503,0,1,40
639,6/30/2011,489,8,1,50
639,7/1/2014,410,6,1,90
639,6/16/2014,465,0,1,80
639,7/9/2013,503,0,1,10
639,7/3/2012,436,0,1,35
639,6/30/2011,489,0,1,60
639,6/18/2014,403,0,1,50
639,7/1/2014,410,0,1,65
639,6/16/2014,465,4,1,40
639,6/20/2011,445,0,1,60
639,6/18/2013,434,0,1,70
639,6/2/2011,416,0,1,75
639,6/6/2014,600,6,1,45
639,7/1/2014,410,0,1,40
639,6/18/2013,434,1,1,80
639,5/31/2013,485,0,0,30
639,6/6/2014,600,0,1,70
639,6/14/2012,422,1,0,35
640,7/1/2014,392,6,1,45
640,6/16/2014,484,0,1,55
640,6/18/2014,384,2,1,50
640,6/18/2014,384,0,1,90
640,6/16/2014,484,0,1,25
640,6/18/2014,384,0,1,40
640,6/6/2014,615,0,1,50
640,7/1/2014,392,0,1,75
640,7/1/2014,392,5,1,65
640,6/6/2014,615,0,1,70
640,6/18/2014,384,1,1,60
640,6/18/2014,384,0,1,45
640,6/18/2013,452,0,1,65
640,7/9/2013,520,0,1,60
640,6/19/2011,425,0,1,40
640,7/3/2012,487,0,1,80
640,6/14/2012,382,8,1,95
640,5/31/2012,462,0,1,70
640,6/19/2011,425,0,1,55
640,7/3/2012,487,1,1,100
640,7/3/2012,487,4,1,40
640,6/30/2011,510,9,1,95
640,6/16/2014,484,0,1,70
640,6/30/2011,510,0,1,80
640,7/3/2012,487,0,1,90
640,5/31/2012,462,0,1,60
641,6/18/2013,396,4,0,20
641,6/18/2013,396,1,1,90
641,6/7/2014,415,0,1,50
641,7/3/2012,390,0,1,65
641,6/7/2014,415,0,1,70
641,7/9/2013,463,2,1,70
641,6/16/2014,426,0,1,35
641,7/9/2013,463,0,1,40
641,6/18/2014,488,8,1,45
641,6/18/2013,396,0,1,40
641,6/14/2012,447,9,1,80
641,6/18/2014,488,0,1,80
641,7/1/2014,493,9,0,40
641,5/31/2012,491,2,1,45
641,6/18/2014,488,0,1,60
641,7/1/2014,493,1,1,75
641,6/14/2012,447,0,1,90
641,6/18/2014,488,0,1,50
641,6/14/2012,447,4,1,80
641,7/1/2014,493,0,1,60
642,6/16/2014,446,0,1,30
642,6/7/2014,397,0,1,40
642,6/7/2014,397,0,1,75
642,7/3/2012,459,3,1,100
642,6/18/2013,376,0,1,50
642,6/7/2014,397,3,1,70
642,6/16/2014,446,7,1,95
642,5/31/2012,512,0,1,60
642,6/18/2014,504,1,0,40
642,6/18/2014,504,0,1,75
642,7/1/2014,512,0,1,55
642,7/1/2014,512,5,0,30
642,6/30/2011,467,8,1,90
642,6/18/2014,504,0,1,50
642,6/7/2014,397,0,1,65
642,6/19/2011,448,2,1,70
642,6/18/2014,504,0,1,40
642,6/18/2013,376,1,1,65
643,6/19/2012,440,9,0,70
643,6/7/2011,385,0,1,25
643,5/29/2013,364,0,1,40
643,6/20/2014,522,0,1,70
643,6/7/2011,385,7,1,30
643,6/30/2012,372,0,1,100
643,6/9/2014,587,0,1,70
643,6/15/2013,526,0,1,80
643,5/30/2012,368,0,1,50
643,6/15/2013,526,0,1,60
643,6/20/2014,522,0,1,55
643,7/5/2011,383,1,1,55
643,6/9/2014,587,0,1,50
643,6/29/2013,363,0,1,30
643,5/29/2013,364,4,1,35
643,6/20/2014,522,3,1,60
643,6/29/2013,363,0,1,40
643,5/29/2013,364,0,1,60
643,6/7/2011,385,3,1,50
643,5/30/2012,368,0,1,70
644,5/30/2013,349,0,1,60
644,6/17/2013,494,0,1,45
644,5/30/2013,349,0,1,70
644,6/2/2012,492,9,1,100
644,7/9/2014,503,1,1,70
644,6/17/2011,490,1,1,70
644,6/4/2014,379,0,1,60
644,7/12/2011,387,0,1,60
644,6/24/2014,517,0,1,45
644,5/30/2013,349,5,0,30
644,7/12/2011,387,1,1,65
644,6/22/2014,520,5,0,65
645,6/4/2014,398,0,1,70
645,7/2/2013,383,8,0,40
645,6/6/2011,408,1,1,95
645,6/17/2011,510,7,1,95
645,6/24/2014,501,0,1,80
645,6/17/2011,510,0,1,30
645,6/17/2013,476,0,1,50
645,7/12/2011,408,0,1,35
645,6/2/2012,474,7,1,85
645,7/12/2011,408,3,1,45
645,6/4/2014,398,7,0,45
645,6/4/2014,398,0,1,60
645,7/2/2013,383,0,1,70
645,7/9/2014,487,3,1,55
645,6/29/2012,459,6,1,70
645,6/18/2012,465,7,0,80
645,6/22/2014,497,0,1,85
646,7/12/2011,428,0,0,50
646,7/9/2014,396,0,1,90
646,7/12/2011,428,3,1,55
646,7/2/2013,367,3,1,60
646,6/24/2014,393,0,1,60
646,6/29/2012,360,0,1,90
646,6/18/2012,480,1,1,85
646,6/29/2012,360,3,1,60
646,6/6/2011,386,0,1,85
646,6/6/2011,386,2,1,90
646,7/12/2011,428,0,1,55
646,6/18/2012,480,3,0,40
647,6/6/2011,445,0,1,40
647,6/4/2014,434,0,1,60
647,6/18/2012,496,9,1,50
647,7/12/2011,511,0,1,75
647,6/6/2011,445,2,1,70
647,7/9/2014,413,3,1,80
647,7/12/2011,511,9,1,90
648,7/9/2014,469,0,1,50
648,6/17/2013,366,0,0,5
648,6/24/2014,463,1,0,40
648,7/12/2011,519,0,1,60
648,6/17/2013,366,1,1,50
648,6/18/2012,558,0,1,45
648,6/4/2014,452,0,1,65
648,6/24/2014,463,0,1,70
648,6/6/2011,461,0,1,90
648,7/9/2014,469,3,1,30
648,7/2/2013,437,8,1,45
648,6/17/2013,366,5,1,70
648,6/17/2013,366,0,0,10
648,6/24/2014,463,0,1,45
648,6/6/2011,461,1,1,65
648,7/12/2011,519,0,1,90
648,6/18/2012,558,0,1,90
648,6/17/2013,366,0,1,30
648,6/17/2013,366,0,1,60
648,6/2/2012,369,0,1,90
648,6/2/2012,369,0,1,50
648,6/17/2011,497,0,1,60
648,6/2/2012,369,1,1,75
648,6/6/2011,461,0,1,60
649,7/9/2014,522,0,1,70
649,6/17/2013,346,5,1,90
649,6/4/2014,470,0,1,45
649,7/12/2011,453,4,1,60
649,6/17/2013,346,3,1,80
649,6/17/2013,346,1,1,40
649,6/24/2014,534,0,1,50
649,6/4/2014,470,0,0,70
649,6/2/2012,350,0,1,90
649,6/17/2013,346,9,1,30
649,6/4/2014,470,0,1,70
649,6/17/2013,346,0,1,25
649,6/18/2012,574,0,1,30
649,6/17/2011,472,1,1,80
649,6/2/2012,350,0,1,75
649,7/2/2013,419,0,1,30
649,6/17/2013,346,0,1,20
649,6/18/2012,574,0,1,45
649,6/18/2012,574,3,0,50
649,6/17/2013,346,0,1,30
649,6/24/2014,534,0,1,75
649,6/2/2012,350,3,1,60
649,6/17/2013,346,0,1,50
649,6/2/2012,350,1,1,100
650,7/9/2014,514,2,0,45
650,7/9/2014,514,3,0,55
650,6/2/2012,355,0,1,40
650,6/4/2014,486,5,1,50
650,5/30/2013,350,0,1,80
650,6/4/2014,486,9,0,30
650,6/18/2013,498,0,1,80
650,6/4/2014,486,0,1,70
650,6/2/2012,355,9,1,70
650,7/12/2011,474,0,1,60
650,6/24/2014,526,4,1,85
650,6/2/2012,355,1,1,95
650,7/9/2014,514,0,1,100
650,6/4/2014,486,0,1,65
650,7/2/2013,407,4,1,20
650,6/17/2011,451,0,1,75
650,6/22/2014,500,5,0,60
650,5/30/2013,350,0,1,75
650,7/2/2013,407,0,1,80
650,7/9/2014,514,0,1,80
650,6/17/2011,451,5,1,90
650,6/24/2014,526,0,1,60
650,7/12/2011,474,0,1,55
650,6/22/2014,500,0,1,45
650,6/4/2014,486,0,1,50
651,6/6/2011,487,0,1,40
651,6/6/2011,487,0,1,40
651,6/29/2012,417,0,1,90
651,6/6/2011,487,0,1,30
651,6/18/2012,540,1,1,20
651,6/4/2014,508,5,0,30
651,6/24/2014,446,0,1,70
651,6/17/2011,470,0,1,50
651,6/2/2012,391,2,0,45
651,6/29/2012,417,7,1,60
651,6/17/2013,389,1,1,40
651,7/9/2014,449,5,0,40
651,5/30/2013,465,0,0,50
651,6/17/2013,389,0,1,80
651,5/30/2013,465,0,1,70
651,7/9/2014,449,0,1,70
651,6/18/2012,540,0,1,15
651,6/18/2012,540,7,1,100
651,6/17/2013,389,0,1,90
651,7/12/2011,534,2,1,35
651,7/12/2011,534,0,1,70
651,6/4/2014,508,0,1,50
651,7/12/2011,534,0,1,40
652,6/17/2011,538,0,1,95
652,6/4/2014,526,7,1,45
652,7/12/2011,481,0,1,60
652,7/12/2011,481,9,1,100
652,6/22/2014,391,4,1,80
652,6/4/2014,526,8,0,40
652,6/17/2011,538,0,1,60
652,6/6/2011,426,3,1,40
652,7/2/2013,477,0,1,85
652,6/6/2011,426,0,1,65
652,7/12/2011,481,1,1,90
652,6/29/2012,398,0,1,85
652,7/9/2014,431,9,1,70
