point,date,year,observer,time,temp,wind,cloud,doy
1201,6/9/2014,2014,EVC,485,67,2,100,160
1201,6/18/2012,2012,AEB,486,78,1,20,170
1201,5/31/2012,2012,CLL,443,57,1,0,152
1201,6/28/2014,2014,JJV,446,74,0,100,179
1201,7/15/2014,2014,JJV,463,59,1,10,196
1201,7/7/2013,2013,VMJ,549,68,0,90,188
1201,6/18/2013,2013,CLL,368,73,0,100,169
1201,6/26/2014,2014,MAV,441,65,1,30,177
1201,6/2/2013,2013,ROS,534,70,1,0,153
1201,6/30/2012,2012,JJV,409,78,1,0,182
1202,6/9/2014,2014,EVC,461,67,2,100,160
1202,6/28/2014,2014,EVC,419,70,0,100,179
1202,7/15/2014,2014,EVC,436,60,1,10,196
1202,6/18/2012,2012,AEB,514,80,2,20,170
1202,5/31/2012,2012,CLL,423,57,1,0,152
1202,7/7/2013,2013,VMJ,531,68,1,80,188
1202,6/26/2014,2014,MAV,472,66,0,30,177
1202,6/18/2013,2013,ROS,359,68,0,100,169
1202,6/30/2012,2012,JJV,387,76,1,0,182
1202,6/2/2013,2013,SJW,587,75,2,10,153
1203,6/9/2014,2014,EVC,433,67,2,100,160
1203,6/28/2014,2014,EVC,396,70,0,100,179
1203,7/15/2014,2014,EVC,414,60,1,20,196
1203,6/18/2012,2012,AEB,535,83,2,10,170
1203,5/31/2012,2012,CLL,396,55,0,0,152
1203,7/7/2013,2013,VMJ,480,68,0,90,188
1203,6/26/2014,2014,MAV,492,66,0,20,177
1203,6/18/2013,2013,ROS,469,69,0,90,169
1203,6/30/2012,2012,JJV,553,82,2,0,182
1203,6/2/2013,2013,SJW,496,72,1,0,153
1204,6/9/2014,2014,EVC,407,65,2,90,160
1204,6/28/2014,2014,EVC,377,72,1,100,179
1204,7/15/2014,2014,EVC,393,60,1,10,196
1204,6/18/2012,2012,AEB,557,85,2,0,170
1204,5/31/2012,2012,CLL,374,55,1,0,152
1204,7/7/2013,2013,VMJ,381,68,0,100,188
1204,6/26/2014,2014,MAV,518,69,0,10,177
1204,6/18/2013,2013,ROS,547,69,1,80,169
1204,6/30/2012,2012,JJV,529,81,3,0,182
1204,6/2/2013,2013,SJW,469,70,1,10,153
1205,6/9/2014,2014,EVC,385,65,2,80,160
1205,6/28/2014,2014,EVC,358,73,1,100,179
1205,7/15/2014,2014,EVC,373,60,2,0,196
1205,7/7/2013,2013,VMJ,501,68,1,60,188
1205,6/26/2014,2014,MAV,536,70,1,20,177
1205,5/31/2012,2012,JDS,567,66,3,30,152
1205,6/18/2013,2013,ROS,530,69,0,80,169
1205,6/16/2012,2012,JJV,372,65,1,30,168
1205,6/30/2012,2012,MAV,523,82,3,0,182
1205,6/2/2013,2013,SJW,381,65,1,70,153
1206,6/3/2014,2014,EVC,566,75,1,100,154
1206,6/19/2014,2014,EVC,525,74,2,10,170
1206,7/4/2014,2014,EVC,535,62,1,10,185
1206,6/18/2014,2014,JDS,406,69,1,20,169
1206,6/20/2012,2012,CLL,582,76,1,0,172
1206,7/5/2013,2013,CLL,381,68,0,70,186
1206,7/2/2012,2012,BSS,500,76,1,60,184
1206,6/19/2013,2013,ROS,410,64,0,90,170
1206,6/4/2012,2012,CPW,377,62,0,50,156
1206,6/3/2013,2013,SJW,587,70,1,90,154
1207,6/3/2014,2014,EVC,590,72,1,100,154
1207,6/19/2014,2014,EVC,504,73,1,10,170
1207,7/4/2014,2014,EVC,515,60,1,0,185
1207,6/18/2014,2014,JDS,386,69,1,20,169
1207,7/5/2013,2013,LMG,386,69,0,100,186
1207,6/20/2012,2012,CLL,560,75,1,0,172
1207,7/2/2012,2012,BSS,483,76,1,70,184
1207,6/19/2013,2013,ROS,429,65,0,80,170
1207,6/4/2012,2012,CPW,402,62,0,30,156
1207,6/3/2013,2013,SJW,557,70,1,90,154
1208,6/3/2014,2014,EVC,406,73,1,100,154
1208,6/19/2014,2014,EVC,478,74,1,10,170
1208,7/4/2014,2014,EVC,490,60,1,10,185
1208,6/18/2014,2014,JDS,539,76,3,20,169
1208,7/5/2013,2013,LMG,408,73,0,100,186
1208,6/20/2012,2012,CLL,531,74,0,0,172
1208,7/2/2012,2012,BSS,460,76,1,70,184
1208,6/19/2013,2013,ROS,462,65,1,10,170
1208,6/4/2012,2012,CPW,431,64,0,30,156
1208,6/3/2013,2013,SJW,523,70,0,90,154
1209,6/3/2014,2014,EVC,427,73,2,100,154
1209,6/19/2014,2014,EVC,456,72,2,10,170
1209,7/4/2014,2014,EVC,469,58,1,10,185
1209,6/18/2014,2014,JDS,520,75,3,10,169
1209,7/5/2013,2013,LMG,425,75,0,100,186
1209,6/20/2012,2012,CLL,483,73,1,0,172
1209,7/2/2012,2012,BSS,425,75,2,70,184
1209,6/19/2013,2013,ROS,482,65,4,10,170
1209,6/4/2012,2012,CPW,474,66,0,50,156
1209,6/3/2013,2013,SJW,500,70,0,20,154
1210,6/3/2013,2013,RRG,506,59,0,100,154
1210,6/18/2014,2014,EVC,485,75,1,10,169
1210,6/3/2014,2014,JDS,435,72,2,100,154
1210,6/4/2012,2012,AEB,499,64,0,100,156
1210,6/19/2014,2014,JDS,414,70,1,20,170
1210,7/5/2013,2013,LMG,505,78,0,100,186
1210,7/4/2014,2014,JDS,415,56,1,10,185
1210,6/19/2013,2013,VMJ,385,62,0,100,170
1210,7/2/2012,2012,JDS,423,73,0,60,184
1210,6/20/2012,2012,JJV,460,68,0,0,172
1211,6/3/2013,2013,RRG,421,56,1,20,154
1211,6/18/2014,2014,EVC,465,73,1,10,169
1211,6/3/2014,2014,JDS,458,72,1,100,154
1211,6/4/2012,2012,AEB,526,64,0,100,156
1211,6/19/2014,2014,JDS,396,69,1,20,170
1211,7/4/2014,2014,JDS,395,56,1,20,185
1211,6/19/2013,2013,VMJ,482,64,1,60,170
1211,7/2/2012,2012,JDS,403,72,0,30,184
1211,7/5/2013,2013,ROS,429,67,0,100,186
1211,6/20/2012,2012,JJV,435,68,1,0,172
1212,6/3/2013,2013,RRG,402,55,1,10,154
1212,6/18/2014,2014,EVC,446,75,2,20,169
1212,6/3/2014,2014,JDS,475,73,1,100,154
1212,6/4/2012,2012,AEB,546,65,0,70,156
1212,6/19/2014,2014,JDS,379,69,0,30,170
1212,7/4/2014,2014,JDS,377,56,1,20,185
1212,6/19/2013,2013,VMJ,503,64,1,60,170
1212,7/2/2012,2012,JDS,386,72,0,40,184
1212,7/5/2013,2013,ROS,409,66,0,100,186
1212,6/20/2012,2012,JJV,414,67,0,0,172
1213,6/3/2013,2013,RRG,388,56,0,10,154
1213,6/18/2014,2014,EVC,428,75,1,30,169
1213,6/3/2014,2014,JDS,492,73,3,100,154
1213,6/4/2012,2012,AEB,565,68,0,100,156
1213,6/19/2014,2014,JDS,503,75,1,0,170
1213,7/4/2014,2014,JDS,525,62,2,0,185
1213,6/19/2013,2013,VMJ,520,64,1,20,170
1213,7/5/2013,2013,ROS,390,66,0,90,186
1213,7/2/2012,2012,JDS,498,75,0,30,184
1213,6/20/2012,2012,JJV,395,68,0,0,172
1214,6/3/2013,2013,RRG,438,57,1,10,154
1214,6/18/2014,2014,EVC,407,75,2,20,169
1214,6/3/2014,2014,JDS,509,73,2,100,154
1214,6/4/2012,2012,AEB,391,59,1,40,156
1214,6/19/2014,2014,JDS,521,74,2,0,170
1214,7/4/2014,2014,JDS,544,62,1,0,185
1214,6/19/2013,2013,VMJ,464,64,1,60,170
1214,7/5/2013,2013,ROS,449,68,0,100,186
1214,7/2/2012,2012,JDS,456,74,0,40,184
1214,6/20/2012,2012,JJV,509,74,0,0,172
1215,6/3/2013,2013,RRG,488,57,1,100,154
1215,6/18/2014,2014,EVC,515,75,2,10,169
1215,6/3/2014,2014,JDS,413,72,2,100,154
1215,6/4/2012,2012,AEB,476,62,0,50,156
1215,6/19/2014,2014,JDS,432,72,2,10,170
1215,7/4/2014,2014,JDS,435,57,1,10,185
1215,6/19/2013,2013,VMJ,403,62,0,100,170
1215,7/2/2012,2012,JDS,440,73,0,50,184
1215,7/5/2013,2013,ROS,509,69,0,100,186
1215,6/20/2012,2012,JJV,483,69,0,0,172
1216,6/3/2013,2013,RRG,471,58,0,100,154
1216,6/18/2014,2014,EVC,535,77,2,0,169
1216,6/3/2014,2014,JDS,396,71,2,100,154
1216,6/19/2014,2014,JDS,450,72,2,0,170
1216,7/4/2014,2014,JDS,456,58,1,10,185
1216,6/19/2013,2013,VMJ,422,64,0,90,170
1216,6/20/2012,2012,CLL,505,74,1,0,172
1216,7/2/2012,2012,BSS,440,76,1,70,184
1216,7/5/2013,2013,ROS,489,68,1,100,186
1216,6/4/2012,2012,CPW,456,65,0,30,156
1217,6/3/2013,2013,RRG,454,57,0,30,154
1217,6/18/2014,2014,EVC,390,75,1,20,169
1217,6/3/2014,2014,JDS,526,74,2,100,154
1217,6/4/2012,2012,AEB,415,60,0,30,156
1217,6/19/2014,2014,JDS,468,72,2,0,170
1217,7/4/2014,2014,JDS,476,58,1,0,185
1217,6/19/2013,2013,VMJ,441,64,0,50,170
1217,7/5/2013,2013,ROS,471,68,0,100,186
1217,7/2/2012,2012,JDS,476,74,1,30,184
1217,6/20/2012,2012,JJV,529,75,0,0,172
1218,6/3/2013,2013,RRG,372,54,1,20,154
1218,6/18/2014,2014,EVC,370,75,1,20,169
1218,6/3/2014,2014,JDS,543,74,1,100,154
1218,6/4/2012,2012,AEB,584,68,0,100,156
1218,6/19/2014,2014,JDS,485,74,1,0,170
1218,7/4/2014,2014,JDS,497,59,1,0,185
1218,6/19/2013,2013,VMJ,538,64,0,50,170
1218,7/5/2013,2013,ROS,370,66,0,80,186
1218,7/2/2012,2012,JDS,514,76,0,30,184
1218,6/20/2012,2012,JJV,374,68,0,0,172
1224,6/13/2014,2014,JDS,374,63,2,90,164
1224,6/27/2014,2014,JJV,520,71,0,10,178
1224,6/17/2013,2013,VMJ,483,70,0,30,168
1224,6/18/2012,2012,CLL,385,72,2,0,170
1224,6/29/2014,2014,MAV,367,71,2,100,180
1224,7/16/2014,2014,MAV,383,55,0,0,197
1224,6/2/2012,2012,JJV,510,53,1,10,154
1224,7/2/2013,2013,JJV,503,63,1,100,183
1224,7/1/2012,2012,CPW,394,78,0,100,183
1224,5/30/2013,2013,SJW,413,75,1,100,150
1225,6/13/2014,2014,JDS,410,63,1,90,164
1225,6/29/2014,2014,JDS,370,72,1,70,180
1225,7/16/2014,2014,JDS,394,57,1,0,197
1225,6/27/2014,2014,JJV,472,69,0,30,178
1225,6/18/2012,2012,CLL,404,73,2,0,170
1225,6/17/2013,2013,CLL,478,73,0,40,168
1225,7/2/2013,2013,ROS,505,66,1,100,183
1225,6/2/2012,2012,JJV,488,50,2,10,154
1225,5/30/2013,2013,JJV,403,68,2,60,150
1225,7/1/2012,2012,CPW,418,78,1,100,183
1226,6/13/2014,2014,EVC,375,65,2,100,164
1226,6/27/2014,2014,JDS,499,72,2,10,178
1226,6/17/2013,2013,VMJ,507,70,0,50,168
1226,6/29/2014,2014,JJV,376,76,1,80,180
1226,6/18/2012,2012,CLL,366,72,1,0,170
1226,7/16/2014,2014,JJV,387,57,0,20,197
1226,6/2/2012,2012,JJV,531,54,1,10,154
1226,7/2/2013,2013,JJV,521,63,1,100,183
1226,7/1/2012,2012,CPW,373,78,0,100,183
1226,5/30/2013,2013,SJW,388,75,0,100,150
1227,5/30/2013,2013,RRG,411,67,1,30,150
1227,6/25/2014,2014,EVC,517,70,2,10,176
1227,6/11/2014,2014,JDS,396,65,2,100,162
1227,6/2/2012,2012,CLL,398,50,0,0,154
1227,7/2/2013,2013,VMJ,367,62,2,100,183
1227,6/27/2014,2014,MAV,538,70,2,0,178
1227,7/13/2014,2014,MAV,518,72,3,90,194
1227,6/17/2013,2013,ROS,448,70,0,90,168
1227,6/18/2012,2012,JDS,481,74,1,10,170
1227,7/1/2012,2012,MAV,365,70,0,50,183
1228,5/30/2013,2013,RRG,410,66,1,10,150
1228,6/25/2014,2014,EVC,539,70,1,10,176
1228,6/11/2014,2014,JDS,374,66,1,90,162
1228,6/2/2012,2012,CLL,373,49,0,0,154
1228,7/2/2013,2013,VMJ,396,64,0,100,183
1228,6/27/2014,2014,MAV,516,70,0,0,178
1228,7/13/2014,2014,MAV,502,72,2,90,194
1228,7/1/2012,2012,BSS,358,74,1,100,183
1228,6/17/2013,2013,ROS,473,70,0,80,168
1228,6/18/2012,2012,JDS,501,74,2,10,170
1229,5/30/2013,2013,RRG,371,65,1,10,150
1229,6/11/2014,2014,EVC,384,67,2,100,162
1229,6/27/2014,2014,EVC,369,71,1,20,178
1229,7/13/2014,2014,EVC,368,75,2,100,194
1229,6/2/2012,2012,AEB,377,48,0,0,154
1229,7/2/2013,2013,VMJ,414,64,2,100,183
1229,6/25/2014,2014,MAV,523,69,1,20,176
1229,6/17/2013,2013,ROS,489,70,1,80,168
1229,7/1/2012,2012,JDS,357,73,0,90,183
1229,6/18/2012,2012,CPW,542,78,2,0,170
1230,7/2/2012,2012,CAB,499,72,1,0,184
1230,7/1/2013,2013,LMG,547,75,1,100,182
1230,6/17/2014,2014,JJV,481,69,0,20,168
1230,6/2/2014,2014,MAV,445,72,3,100,153
1230,5/31/2012,2012,BSS,430,60,1,0,152
1230,6/19/2014,2014,MAV,398,71,0,70,170
1230,7/4/2014,2014,MAV,405,50,0,0,185
1230,5/30/2013,2013,JDS,446,69,2,0,150
1230,6/17/2013,2013,RRU,473,70,0,60,168
1230,6/16/2012,2012,MAV,458,63,1,0,168
1231,7/2/2012,2012,CAB,461,70,0,10,184
1231,7/1/2013,2013,LMG,532,75,1,100,182
1231,6/17/2014,2014,JJV,463,69,0,20,168
1231,6/2/2014,2014,MAV,463,73,3,100,153
1231,5/31/2012,2012,BSS,449,61,1,0,152
1231,6/19/2014,2014,MAV,419,71,0,50,170
1231,7/4/2014,2014,MAV,422,50,0,0,185
1231,5/30/2013,2013,JDS,464,70,2,20,150
1231,6/17/2013,2013,RRU,455,68,0,90,168
1231,6/16/2012,2012,MAV,438,62,1,0,168
1232,7/2/2012,2012,CAB,436,68,0,10,184
1232,7/1/2013,2013,LMG,516,75,0,80,182
1232,6/19/2014,2014,JJV,496,73,0,30,170
1232,7/4/2014,2014,JJV,486,54,1,0,185
1232,6/3/2014,2014,MAV,440,70,3,100,154
1232,5/31/2012,2012,BSS,474,62,2,0,152
1232,6/17/2014,2014,MAV,520,70,3,20,168
1232,5/30/2013,2013,JDS,481,70,2,10,150
1232,6/17/2013,2013,RRU,435,68,0,90,168
1232,6/16/2012,2012,MAV,420,61,1,0,168
1233,5/31/2012,2012,CAB,469,57,2,0,152
1233,7/2/2012,2012,AEB,473,68,1,20,184
1233,6/19/2014,2014,JJV,523,74,1,30,170
1233,7/4/2014,2014,JJV,504,57,0,0,185
1233,6/3/2014,2014,MAV,459,70,3,100,154
1233,5/30/2013,2013,CLL,454,73,1,10,150
1233,6/17/2014,2014,MAV,502,69,2,30,168
1233,6/16/2012,2012,BSS,417,70,1,0,168
1233,6/17/2013,2013,JDS,439,66,0,30,168
1233,7/1/2013,2013,RRU,532,70,2,100,182
1234,5/30/2012,2012,CAB,602,72,0,0,151
1234,7/3/2012,2012,CAB,346,73,0,0,185
1234,6/29/2013,2013,LMG,450,71,1,50,180
1234,6/18/2014,2014,JJV,522,76,1,40,169
1234,7/1/2014,2014,JJV,520,78,3,40,182
1234,5/29/2013,2013,CLL,349,70,1,80,149
1234,6/6/2014,2014,MAV,378,55,0,20,157
1234,6/16/2014,2014,MAV,481,67,1,60,167
1234,6/14/2012,2012,BSS,345,58,1,0,166
1234,6/15/2013,2013,JDS,517,66,2,10,166
137,6/14/2014,2014,EVC,483,57,1,10,165
137,7/7/2013,2013,RRG,521,71,0,80,188
137,6/25/2014,2014,JDS,427,69,1,100,176
137,6/2/2013,2013,VMJ,511,66,0,30,153
137,6/26/2014,2014,JJV,409,68,0,30,177
137,7/12/2014,2014,JJV,422,68,1,70,193
137,7/6/2011,2011,GDG,542,73,0,20,187
137,7/5/2012,2012,CLL,426,77,0,0,187
137,6/1/2011,2011,KBM,503,77,0,0,152
137,6/3/2012,2012,JDS,469,57,0,10,155
137,6/17/2011,2011,JJV,450,70,0,10,168
137,6/19/2012,2012,CPW,476,76,0,0,171
137,6/18/2013,2013,SJW,433,72,0,50,169
138,6/14/2014,2014,EVC,450,55,2,10,165
138,7/7/2013,2013,RRG,542,73,0,100,188
138,6/25/2014,2014,JDS,447,70,1,90,176
138,6/2/2013,2013,VMJ,531,68,1,20,153
138,6/26/2014,2014,JJV,392,68,0,50,177
138,7/12/2014,2014,JJV,399,68,0,80,193
138,7/6/2011,2011,GDG,561,74,0,20,187
138,7/5/2012,2012,CLL,457,79,0,0,187
138,6/1/2011,2011,KBM,480,75,1,0,152
138,6/3/2012,2012,JDS,495,60,0,10,155
138,6/17/2011,2011,JJV,475,72,0,0,168
138,6/19/2012,2012,CPW,456,74,0,0,171
138,6/18/2013,2013,SJW,411,72,0,10,169
139,6/18/2013,2013,RRG,391,68,0,30,169
139,6/14/2014,2014,JDS,471,55,1,0,165
139,6/19/2012,2012,AEB,498,76,0,0,171
139,6/26/2014,2014,JDS,499,70,1,50,177
139,7/12/2014,2014,JDS,517,70,1,80,193
139,6/3/2012,2012,CLL,486,58,0,0,155
139,6/25/2014,2014,JJV,405,69,0,70,176
139,7/6/2011,2011,GDG,583,76,0,10,187
139,6/1/2011,2011,KBM,465,75,0,0,152
139,7/5/2012,2012,JDS,400,74,0,0,187
139,7/7/2013,2013,ROS,527,69,0,80,188
139,6/2/2013,2013,JJV,542,65,1,30,153
139,6/17/2011,2011,JJV,494,72,0,0,168
140,6/18/2013,2013,RRG,452,70,1,100,169
140,6/14/2014,2014,JDS,453,53,1,0,165
140,6/19/2012,2012,AEB,521,77,1,0,171
140,6/26/2014,2014,JDS,477,69,1,60,177
140,7/12/2014,2014,JDS,500,70,1,70,193
140,6/3/2012,2012,CLL,465,58,0,0,155
140,6/25/2014,2014,JJV,425,69,1,70,176
140,6/1/2011,2011,KBM,450,75,0,0,152
140,7/4/2011,2011,BSS,446,72,1,100,185
140,7/5/2012,2012,JDS,419,74,0,0,187
140,7/7/2013,2013,ROS,482,69,1,100,188
140,6/2/2013,2013,JJV,481,63,1,40,153
140,6/17/2011,2011,JJV,513,72,2,0,168
141,6/18/2013,2013,RRG,472,71,1,100,169
141,6/14/2014,2014,JDS,433,53,2,0,165
141,6/19/2012,2012,AEB,546,79,1,0,171
141,6/26/2014,2014,JDS,386,68,1,40,177
141,7/12/2014,2014,JDS,399,67,1,80,193
141,6/3/2012,2012,CLL,443,58,0,0,155
141,6/25/2014,2014,JJV,449,69,0,80,176
141,6/1/2011,2011,KBM,427,75,0,0,152
141,7/4/2011,2011,BSS,426,72,1,90,185
141,7/7/2013,2013,ROS,461,68,1,100,188
141,7/5/2012,2012,JDS,435,75,0,0,187
141,6/2/2013,2013,JJV,464,63,1,20,153
141,6/17/2011,2011,JJV,531,72,1,0,168
142,6/18/2013,2013,RRG,497,72,0,100,169
142,6/14/2014,2014,JDS,414,53,2,10,165
142,6/19/2012,2012,AEB,569,81,1,0,171
142,6/26/2014,2014,JDS,403,68,1,40,177
142,7/12/2014,2014,JDS,418,67,1,70,193
142,6/3/2012,2012,CLL,416,56,0,0,155
142,6/25/2014,2014,JJV,473,71,0,70,176
142,6/1/2011,2011,KBM,410,74,1,0,152
142,7/4/2011,2011,BSS,405,71,1,90,185
142,7/7/2013,2013,ROS,442,68,0,100,188
142,7/5/2012,2012,JDS,453,75,0,0,187
142,6/2/2013,2013,JJV,442,63,1,30,153
142,6/17/2011,2011,JJV,558,72,1,0,168
143,6/18/2013,2013,RRG,430,70,0,30,169
143,6/14/2014,2014,JDS,492,57,1,0,165
143,6/19/2012,2012,AEB,452,72,0,0,171
143,6/26/2014,2014,JDS,457,69,1,60,177
143,7/12/2014,2014,JDS,475,70,1,100,193
143,6/3/2012,2012,CLL,540,60,0,0,155
143,6/25/2014,2014,JJV,381,70,0,70,176
143,7/6/2011,2011,GDG,404,68,0,30,187
143,6/17/2011,2011,BSS,443,73,1,0,168
143,7/7/2013,2013,ROS,503,69,1,90,188
143,7/5/2012,2012,JDS,469,76,0,0,187
143,6/1/2011,2011,JJV,480,72,1,0,152
143,6/2/2013,2013,JJV,505,64,0,30,153
144,6/14/2014,2014,EVC,396,55,1,10,165
144,6/18/2013,2013,RRG,408,68,1,30,169
144,6/19/2012,2012,AEB,476,74,1,0,171
144,6/25/2014,2014,JDS,485,71,1,60,176
144,6/3/2012,2012,CLL,512,59,0,0,155
144,6/26/2014,2014,JJV,509,70,0,10,177
144,7/12/2014,2014,JJV,513,70,1,60,193
144,7/6/2011,2011,GDG,425,68,0,40,187
144,6/17/2011,2011,BSS,417,72,1,0,168
144,7/5/2012,2012,JDS,382,74,0,10,187
144,7/7/2013,2013,ROS,549,70,1,90,188
144,6/1/2011,2011,JJV,502,73,0,0,152
144,6/2/2013,2013,JJV,524,64,1,40,153
145,6/14/2014,2014,EVC,420,55,1,10,165
145,7/7/2013,2013,RRG,568,73,1,50,188
145,6/25/2014,2014,JDS,466,70,1,80,176
145,6/2/2013,2013,VMJ,554,68,0,10,153
145,6/26/2014,2014,JJV,528,72,0,20,177
145,7/12/2014,2014,JJV,531,71,0,70,193
145,7/6/2011,2011,GDG,444,69,0,50,187
145,7/5/2012,2012,CLL,476,79,0,0,187
145,6/3/2012,2012,JDS,516,62,0,10,155
145,6/17/2011,2011,BSS,399,71,1,0,168
145,6/1/2011,2011,JJV,521,73,0,0,152
145,6/19/2012,2012,CPW,435,72,0,0,171
145,6/18/2013,2013,SJW,384,70,0,0,169
146,6/14/2014,2014,EVC,503,57,2,0,165
146,7/7/2013,2013,RRG,498,72,0,100,188
146,6/25/2014,2014,JDS,407,69,1,100,176
146,6/2/2013,2013,VMJ,493,66,0,20,153
146,6/26/2014,2014,JJV,430,68,0,50,177
146,7/12/2014,2014,JJV,443,68,0,80,193
146,7/6/2011,2011,GDG,518,72,0,50,187
146,7/5/2012,2012,CLL,404,76,0,0,187
146,6/1/2011,2011,KBM,520,77,0,0,152
146,6/3/2012,2012,JDS,447,54,0,10,155
146,6/17/2011,2011,JJV,432,70,0,10,168
146,6/19/2012,2012,CPW,496,78,0,0,171
146,6/18/2013,2013,SJW,454,72,0,70,169
147,6/14/2014,2014,EVC,377,55,1,10,165
147,6/18/2013,2013,RRG,560,73,1,80,169
147,6/25/2014,2014,JDS,503,72,1,50,176
147,6/26/2014,2014,JJV,489,69,0,40,177
147,7/12/2014,2014,JJV,496,70,0,70,193
147,7/5/2012,2012,CLL,512,80,0,0,187
147,7/4/2011,2011,KBM,447,70,0,100,185
147,6/3/2012,2012,JDS,386,53,0,10,155
147,6/17/2011,2011,BSS,376,69,1,10,168
147,7/7/2013,2013,ROS,380,67,0,90,188
147,6/2/2013,2013,JJV,386,63,1,30,153
147,6/1/2011,2011,JJV,547,74,1,0,152
147,6/19/2012,2012,CPW,565,80,2,10,171
148,6/18/2013,2013,RRG,540,73,1,80,169
148,6/14/2014,2014,JDS,377,53,1,10,165
148,6/19/2012,2012,AEB,428,71,0,0,171
148,6/26/2014,2014,JDS,439,68,1,50,177
148,7/12/2014,2014,JDS,454,69,1,90,193
148,6/3/2012,2012,CLL,566,60,0,0,155
148,6/25/2014,2014,JJV,515,72,0,70,176
148,7/6/2011,2011,GDG,383,67,0,30,187
148,6/17/2011,2011,BSS,462,74,1,0,168
148,7/7/2013,2013,ROS,400,67,1,90,188
148,7/5/2012,2012,JDS,488,77,0,0,187
148,6/2/2013,2013,JJV,404,63,0,40,153
148,6/1/2011,2011,JJV,460,72,0,0,152
149,6/18/2013,2013,RRG,519,73,0,90,169
149,6/14/2014,2014,JDS,396,53,1,10,165
149,6/19/2012,2012,AEB,590,83,2,0,171
149,6/26/2014,2014,JDS,421,68,1,50,177
149,7/12/2014,2014,JDS,436,68,1,90,193
149,6/3/2012,2012,CLL,393,56,0,10,155
149,6/25/2014,2014,JJV,495,72,0,70,176
149,6/1/2011,2011,KBM,390,70,1,0,152
149,6/17/2011,2011,BSS,582,76,2,0,168
149,7/4/2011,2011,BSS,383,70,1,90,185
149,7/7/2013,2013,ROS,421,67,1,100,188
149,7/5/2012,2012,JDS,527,77,0,0,187
149,6/2/2013,2013,JJV,423,62,1,40,153
150,6/14/2014,2014,EVC,525,57,1,0,165
150,7/7/2013,2013,RRG,456,70,0,100,188
150,6/25/2014,2014,JDS,389,69,2,100,176
150,6/2/2013,2013,VMJ,473,66,0,50,153
150,6/26/2014,2014,JJV,450,69,0,40,177
150,7/12/2014,2014,JJV,463,68,0,90,193
150,7/6/2011,2011,GDG,497,71,0,60,187
150,7/5/2012,2012,CLL,383,74,0,0,187
150,6/1/2011,2011,KBM,540,78,0,40,152
150,6/3/2012,2012,JDS,428,54,0,10,155
150,6/17/2011,2011,JJV,412,70,0,10,168
150,6/19/2012,2012,CPW,521,80,1,0,171
150,6/18/2013,2013,SJW,483,72,0,80,169
151,6/14/2014,2014,EVC,550,60,2,30,165
151,7/7/2013,2013,RRG,479,70,0,100,188
151,6/25/2014,2014,JDS,371,69,1,100,176
151,6/2/2013,2013,VMJ,453,64,0,30,153
151,6/26/2014,2014,JJV,468,69,0,40,177
151,7/12/2014,2014,JJV,481,69,1,90,193
151,7/6/2011,2011,GDG,472,70,0,30,187
151,7/5/2012,2012,CLL,496,80,0,0,187
151,6/1/2011,2011,KBM,555,80,2,30,152
151,6/3/2012,2012,JDS,407,54,0,10,155
151,6/17/2011,2011,JJV,388,70,0,10,168
151,6/19/2012,2012,CPW,541,80,2,0,171
151,6/18/2013,2013,SJW,502,72,0,80,169
165,6/2/2014,2014,EVC,529,70,3,60,153
165,6/20/2014,2014,EVC,516,74,1,90,171
165,7/5/2013,2013,RRG,448,72,0,100,186
165,6/3/2013,2013,VMJ,446,60,0,20,154
165,6/21/2014,2014,JJV,417,69,0,70,172
165,6/20/2011,2011,GDG,467,72,1,90,171
165,7/9/2014,2014,JJV,424,63,0,40,190
165,7/2/2012,2012,CLL,396,71,0,40,184
165,7/7/2011,2011,KBM,489,70,0,0,188
165,6/4/2012,2012,JDS,391,64,0,60,156
165,6/3/2011,2011,BSS,484,72,1,30,154
165,6/20/2012,2012,CPW,560,80,0,10,172
165,6/19/2013,2013,SJW,477,76,2,0,170
166,6/2/2014,2014,EVC,505,72,3,100,153
166,6/20/2014,2014,EVC,460,70,1,100,171
166,7/5/2013,2013,RRG,429,71,0,100,186
166,6/3/2013,2013,VMJ,412,58,0,50,154
166,6/21/2014,2014,JJV,435,69,0,30,172
166,6/20/2011,2011,GDG,389,70,1,90,171
166,7/9/2014,2014,JJV,444,63,0,20,190
166,7/2/2012,2012,CLL,460,72,0,30,184
166,7/7/2011,2011,KBM,470,70,0,0,188
166,6/4/2012,2012,JDS,546,66,0,80,156
166,6/3/2011,2011,BSS,567,75,1,90,154
166,6/20/2012,2012,CPW,439,70,0,0,172
166,6/19/2013,2013,SJW,507,76,2,0,170
167,6/2/2014,2014,EVC,445,72,3,60,153
167,6/20/2014,2014,EVC,410,72,1,100,171
167,6/3/2013,2013,VMJ,542,60,0,100,154
167,6/3/2011,2011,GDG,454,69,0,10,154
167,6/21/2014,2014,JJV,487,69,0,10,172
167,7/9/2014,2014,JJV,498,64,0,20,190
167,7/2/2012,2012,CLL,494,73,0,10,184
167,7/5/2013,2013,CLL,432,69,0,100,186
167,7/7/2011,2011,KBM,452,69,0,0,188
167,6/4/2012,2012,JDS,523,66,0,70,156
167,6/20/2011,2011,BSS,478,74,0,80,171
167,6/20/2012,2012,CPW,465,75,0,0,172
167,6/19/2013,2013,SJW,394,68,0,0,170
168,6/3/2014,2014,EVC,489,73,2,100,154
168,6/19/2014,2014,EVC,397,73,1,10,170
168,7/4/2014,2014,EVC,410,56,1,20,185
168,6/18/2014,2014,JDS,463,70,1,10,169
168,6/3/2011,2011,GDG,433,67,0,10,154
168,6/20/2012,2012,CLL,418,70,1,0,172
168,7/5/2013,2013,CLL,416,69,0,100,186
168,7/2/2012,2012,BSS,371,75,0,80,184
168,6/20/2011,2011,BSS,505,74,0,80,171
168,6/19/2013,2013,ROS,541,66,1,20,170
168,7/7/2011,2011,AMT,454,72,1,30,188
168,6/4/2012,2012,CPW,550,68,0,80,156
168,6/3/2013,2013,SJW,424,67,1,20,154
169,6/3/2014,2014,EVC,536,73,1,100,154
169,6/19/2014,2014,EVC,546,74,2,10,170
169,7/4/2014,2014,EVC,556,65,1,0,185
169,6/18/2014,2014,JDS,423,70,2,10,169
169,6/3/2013,2013,VMJ,599,62,1,90,154
169,6/3/2011,2011,GDG,530,72,1,50,154
169,6/20/2012,2012,CLL,397,70,0,0,172
169,7/5/2013,2013,CLL,398,68,0,100,186
169,7/2/2012,2012,BSS,519,76,1,60,184
169,6/19/2013,2013,ROS,390,64,1,100,170
169,6/20/2011,2011,BSS,392,74,1,40,171
169,7/7/2011,2011,AMT,399,70,0,20,188
169,6/4/2012,2012,CPW,573,68,0,100,156
170,6/3/2014,2014,EVC,446,72,1,100,154
170,6/19/2014,2014,EVC,436,72,1,10,170
170,7/4/2014,2014,EVC,446,58,1,20,185
170,6/18/2014,2014,JDS,502,73,3,0,169
170,7/5/2013,2013,LMG,443,74,0,100,186
170,6/3/2011,2011,GDG,510,71,1,30,154
170,6/20/2012,2012,CLL,461,72,0,0,172
170,7/2/2012,2012,BSS,409,75,0,80,184
170,6/20/2011,2011,BSS,413,75,1,80,171
170,6/19/2013,2013,ROS,502,65,2,20,170
170,7/7/2011,2011,AMT,416,70,0,30,188
170,6/4/2012,2012,CPW,498,66,0,90,156
170,6/3/2013,2013,SJW,477,68,1,20,154
171,6/3/2014,2014,EVC,468,72,1,100,154
171,6/19/2014,2014,EVC,416,72,1,10,170
171,7/4/2014,2014,EVC,427,56,1,50,185
171,6/18/2014,2014,JDS,483,71,1,10,169
171,7/5/2013,2013,LMG,460,75,0,100,186
171,6/3/2011,2011,GDG,491,70,1,20,154
171,6/20/2012,2012,CLL,440,71,0,0,172
171,7/2/2012,2012,BSS,390,75,0,80,184
171,6/20/2011,2011,BSS,433,75,0,80,171
171,6/19/2013,2013,ROS,522,66,1,10,170
171,7/7/2011,2011,AMT,434,70,0,20,188
171,6/4/2012,2012,CPW,523,67,0,100,156
171,6/3/2013,2013,SJW,455,67,0,10,154
172,6/2/2014,2014,EVC,464,72,3,70,153
172,6/20/2014,2014,EVC,425,72,1,100,171
172,7/5/2013,2013,LMG,482,74,0,100,186
172,6/3/2013,2013,VMJ,523,60,0,90,154
172,6/3/2011,2011,GDG,472,70,0,10,154
172,6/21/2014,2014,JJV,471,68,0,10,172
172,7/9/2014,2014,JJV,481,64,1,40,190
172,7/2/2012,2012,CLL,479,73,0,30,184
172,7/7/2011,2011,KBM,435,69,0,20,188
172,6/4/2012,2012,JDS,507,66,0,60,156
172,6/20/2011,2011,BSS,454,73,1,80,171
172,6/20/2012,2012,CPW,485,76,0,0,172
172,6/19/2013,2013,SJW,411,75,0,0,170
173,6/2/2014,2014,EVC,485,72,3,80,153
173,6/20/2014,2014,EVC,447,70,1,100,171
173,7/5/2013,2013,RRG,412,70,1,100,186
173,6/3/2013,2013,VMJ,504,60,1,70,154
173,6/21/2014,2014,JJV,453,69,0,20,172
173,6/20/2011,2011,GDG,409,70,1,90,171
173,7/9/2014,2014,JJV,463,64,0,30,190
173,7/2/2012,2012,CLL,442,71,0,40,184
173,7/7/2011,2011,KBM,415,69,0,20,188
173,6/4/2012,2012,JDS,480,66,0,50,156
173,6/3/2011,2011,BSS,546,74,1,100,154
173,6/20/2012,2012,CPW,508,77,0,0,172
173,6/19/2013,2013,SJW,436,75,0,0,170
174,6/2/2014,2014,EVC,576,72,3,100,153
174,6/20/2014,2014,EVC,545,77,1,80,171
174,7/5/2013,2013,RRG,379,68,1,100,186
174,6/3/2013,2013,VMJ,484,60,1,50,154
174,6/21/2014,2014,JJV,388,68,0,100,172
174,6/20/2011,2011,GDG,448,71,1,90,171
174,7/9/2014,2014,JJV,398,63,1,40,190
174,7/2/2012,2012,CLL,417,71,0,40,184
174,7/7/2011,2011,KBM,394,69,0,40,188
174,6/4/2012,2012,JDS,415,65,0,50,156
174,6/3/2011,2011,BSS,510,73,1,60,154
174,6/20/2012,2012,CPW,530,79,0,0,172
174,6/19/2013,2013,SJW,578,80,2,0,170
175,6/2/2014,2014,EVC,426,72,2,60,153
175,6/20/2014,2014,EVC,375,71,1,100,171
175,6/3/2011,2011,GDG,412,67,1,10,154
175,6/21/2014,2014,JJV,510,69,0,10,172
175,7/9/2014,2014,JJV,516,66,0,20,190
175,7/2/2012,2012,CLL,514,74,0,10,184
175,7/5/2013,2013,CLL,463,70,0,100,186
175,6/4/2012,2012,JDS,628,68,0,90,156
175,6/20/2011,2011,BSS,525,73,1,80,171
175,6/19/2013,2013,ROS,563,67,1,20,170
175,7/7/2011,2011,AMT,476,72,1,10,188
175,6/20/2012,2012,CPW,371,65,0,0,172
175,6/3/2013,2013,SJW,375,67,1,10,154
176,6/3/2014,2014,EVC,515,72,1,90,154
176,6/3/2013,2013,RRG,594,59,0,100,154
176,6/19/2014,2014,EVC,374,72,1,10,170
176,7/4/2014,2014,EVC,390,56,1,50,185
176,6/18/2014,2014,JDS,442,70,1,10,169
176,6/3/2011,2011,GDG,553,73,1,60,154
176,6/20/2012,2012,CLL,373,69,1,0,172
176,7/5/2013,2013,CLL,480,71,0,100,186
176,7/2/2012,2012,BSS,537,76,1,40,184
176,6/19/2013,2013,ROS,369,64,0,100,170
176,6/19/2011,2011,BSS,386,69,1,80,170
176,7/7/2011,2011,AMT,382,70,0,20,188
176,6/4/2012,2012,CPW,604,69,0,100,156
177,6/2/2014,2014,EVC,373,70,3,100,153
177,6/20/2014,2014,EVC,496,74,1,90,171
177,7/5/2013,2013,RRG,467,71,0,100,186
177,6/3/2013,2013,VMJ,370,58,0,100,154
177,6/21/2014,2014,JJV,560,78,0,10,172
177,6/20/2011,2011,GDG,485,72,1,90,171
177,7/9/2014,2014,JJV,570,74,0,10,190
177,7/2/2012,2012,CLL,378,70,0,50,184
177,7/7/2011,2011,KBM,505,71,0,0,188
177,6/4/2012,2012,JDS,370,63,0,70,156
177,6/3/2011,2011,BSS,451,71,1,40,154
177,6/20/2012,2012,CPW,584,82,0,10,172
177,6/19/2013,2013,SJW,541,76,1,0,170
178,6/2/2014,2014,EVC,388,70,3,90,153
178,6/20/2014,2014,EVC,480,72,1,90,171
178,7/5/2013,2013,RRG,482,72,0,100,186
178,6/3/2013,2013,VMJ,389,58,0,90,154
178,6/21/2014,2014,JJV,542,74,0,10,172
178,6/20/2011,2011,GDG,500,72,1,90,171
178,7/9/2014,2014,JJV,555,71,0,10,190
178,7/2/2012,2012,CLL,363,70,0,80,184
178,6/3/2011,2011,BSS,430,70,1,20,154
178,6/4/2012,2012,JDS,565,66,0,80,156
178,7/7/2011,2011,AMT,522,72,0,0,188
178,6/20/2012,2012,CPW,414,68,0,0,172
178,6/19/2013,2013,SJW,526,76,1,0,170
179,6/2/2014,2014,EVC,406,70,3,70,153
179,6/20/2014,2014,EVC,393,72,1,100,171
179,6/3/2013,2013,VMJ,560,62,0,100,154
179,6/21/2014,2014,JJV,526,71,0,10,172
179,6/20/2011,2011,GDG,516,74,1,90,171
179,7/9/2014,2014,JJV,539,67,0,10,190
179,7/2/2012,2012,CLL,529,76,0,10,184
179,7/5/2013,2013,CLL,448,70,0,100,186
179,6/3/2011,2011,BSS,413,69,1,20,154
179,6/4/2012,2012,JDS,583,66,0,90,156
179,7/7/2011,2011,AMT,493,72,0,0,188
179,6/20/2012,2012,CPW,397,67,0,0,172
179,6/19/2013,2013,SJW,370,67,0,0,170
194,6/19/2013,2013,RRG,465,69,1,90,170
194,6/24/2014,2014,EVC,489,70,1,100,175
194,7/11/2014,2014,EVC,480,62,1,30,192
194,6/4/2014,2014,JDS,578,73,3,100,155
194,6/23/2014,2014,JJV,375,70,0,30,174
194,7/6/2011,2011,KBM,506,69,0,10,187
194,6/16/2012,2012,JDS,515,73,0,0,168
194,5/31/2012,2012,JJV,431,52,1,0,152
194,6/2/2011,2011,AMT,475,67,1,70,153
194,6/3/2013,2013,JJV,469,55,1,60,154
194,6/20/2011,2011,JJV,460,73,0,80,171
194,6/30/2012,2012,CPW,534,78,2,0,182
194,7/5/2013,2013,SJW,387,73,0,100,186
195,6/19/2013,2013,RRG,486,70,1,20,170
195,6/24/2014,2014,EVC,469,70,1,100,175
195,7/11/2014,2014,EVC,462,62,1,20,192
195,6/4/2014,2014,JDS,557,73,2,100,155
195,6/23/2014,2014,JJV,397,70,0,30,174
195,7/6/2011,2011,KBM,487,69,0,10,187
195,6/16/2012,2012,JDS,494,73,0,0,168
195,5/31/2012,2012,JJV,457,55,0,0,152
195,6/2/2011,2011,AMT,453,67,1,70,153
195,6/3/2013,2013,JJV,447,55,1,50,154
195,6/20/2011,2011,JJV,481,73,1,90,171
195,6/30/2012,2012,CPW,555,78,2,0,182
195,7/5/2013,2013,SJW,408,75,0,100,186
196,6/19/2013,2013,RRG,506,70,1,10,170
196,6/24/2014,2014,EVC,450,70,1,100,175
196,7/11/2014,2014,EVC,444,65,1,10,192
196,6/4/2014,2014,JDS,539,73,2,100,155
196,6/23/2014,2014,JJV,414,70,0,20,174
196,7/5/2013,2013,VMJ,393,66,0,100,186
196,7/6/2011,2011,KBM,472,69,0,10,187
196,6/16/2012,2012,JDS,476,73,1,0,168
196,5/31/2012,2012,JJV,478,55,3,0,152
196,6/2/2011,2011,AMT,435,65,1,60,153
196,6/3/2013,2013,JJV,430,55,1,60,154
196,6/20/2011,2011,JJV,502,75,0,90,171
196,6/30/2012,2012,CPW,573,78,2,0,182
197,6/24/2014,2014,EVC,435,70,1,100,175
197,7/11/2014,2014,EVC,425,65,2,20,192
197,6/4/2014,2014,JDS,520,73,1,100,155
197,6/23/2014,2014,JJV,435,70,0,10,174
197,7/5/2013,2013,VMJ,409,66,0,90,186
197,6/19/2013,2013,CLL,409,66,1,30,170
197,6/2/2011,2011,BSS,438,72,1,40,153
197,6/3/2013,2013,ROS,526,60,0,100,154
197,6/16/2012,2012,JDS,460,72,0,0,168
197,5/31/2012,2012,JJV,498,57,4,0,152
197,6/20/2011,2011,AMT,502,72,2,100,171
197,6/30/2012,2012,CPW,364,70,1,0,182
197,7/6/2011,2011,JJV,442,69,0,30,187
198,6/24/2014,2014,EVC,414,70,1,100,175
198,7/11/2014,2014,EVC,405,62,1,30,192
198,6/4/2014,2014,JDS,498,71,1,100,155
198,6/23/2014,2014,JJV,459,72,0,20,174
198,7/5/2013,2013,VMJ,427,66,0,100,186
198,6/19/2013,2013,CLL,442,66,1,30,170
198,6/2/2011,2011,BSS,458,71,1,80,153
198,6/3/2013,2013,ROS,506,59,1,90,154
198,6/16/2012,2012,JDS,441,71,0,0,168
198,5/31/2012,2012,JJV,522,57,3,0,152
198,6/20/2011,2011,AMT,481,70,1,100,171
198,6/30/2012,2012,CPW,388,72,1,0,182
198,7/6/2011,2011,JJV,461,69,0,10,187
199,6/24/2014,2014,EVC,387,71,1,100,175
199,7/11/2014,2014,EVC,383,62,1,20,192
199,6/7/2014,2014,JDS,384,58,1,0,158
199,6/23/2014,2014,JJV,484,70,0,10,174
199,7/5/2013,2013,VMJ,446,66,0,100,186
199,6/19/2013,2013,CLL,468,67,2,30,170
199,6/2/2011,2011,BSS,477,73,1,90,153
199,6/3/2013,2013,ROS,482,59,0,100,154
199,6/16/2012,2012,JDS,424,70,0,0,168
199,5/31/2012,2012,JJV,546,63,2,0,152
199,6/20/2011,2011,AMT,457,72,1,100,171
199,6/30/2012,2012,CPW,411,75,1,0,182
199,7/6/2011,2011,JJV,479,70,0,30,187
200,6/24/2014,2014,EVC,591,72,1,100,175
200,7/11/2014,2014,EVC,566,70,1,10,192
200,6/4/2014,2014,JDS,446,69,1,100,155
200,6/23/2014,2014,JJV,507,71,0,10,174
200,7/5/2013,2013,VMJ,465,66,0,100,186
200,6/19/2013,2013,CLL,386,65,0,90,170
200,6/2/2011,2011,BSS,417,70,1,40,153
200,6/3/2013,2013,ROS,544,60,0,100,154
200,6/16/2012,2012,JDS,401,70,0,0,168
200,5/31/2012,2012,JJV,576,65,2,0,152
200,6/20/2011,2011,AMT,521,74,1,100,171
200,6/30/2012,2012,CPW,438,75,0,0,182
200,7/6/2011,2011,JJV,423,68,0,10,187
201,6/19/2013,2013,RRG,527,71,1,10,170
201,6/24/2014,2014,EVC,571,72,1,100,175
201,7/11/2014,2014,EVC,545,68,2,30,192
201,6/4/2014,2014,JDS,426,68,2,100,155
201,6/23/2014,2014,JJV,529,76,0,10,174
201,7/5/2013,2013,VMJ,376,66,0,100,186
201,7/6/2011,2011,KBM,453,68,0,10,187
201,6/16/2012,2012,JDS,382,69,0,0,168
201,5/31/2012,2012,JJV,598,65,4,0,152
201,6/2/2011,2011,AMT,411,64,1,20,153
201,6/3/2013,2013,JJV,412,55,2,70,154
201,6/20/2011,2011,JJV,522,74,1,100,171
201,6/30/2012,2012,CPW,462,76,1,0,182
202,6/19/2013,2013,RRG,420,67,0,100,170
202,6/24/2014,2014,EVC,545,72,1,100,175
202,7/11/2014,2014,EVC,523,65,1,80,192
202,6/4/2014,2014,JDS,392,67,2,100,155
202,6/23/2014,2014,JJV,562,77,0,10,174
202,6/19/2011,2011,GDG,389,70,0,90,170
202,7/6/2011,2011,KBM,435,68,0,10,187
202,6/16/2012,2012,JDS,554,75,1,0,168
202,5/31/2012,2012,JJV,387,52,1,0,152
202,6/2/2011,2011,AMT,560,72,1,90,153
202,6/3/2013,2013,JJV,513,55,1,100,154
202,6/30/2012,2012,CPW,486,78,1,0,182
202,7/5/2013,2013,SJW,429,75,0,100,186
203,6/19/2013,2013,RRG,443,68,0,100,170
203,6/24/2014,2014,EVC,506,70,1,100,175
203,7/11/2014,2014,EVC,500,64,1,70,192
203,6/4/2014,2014,JDS,370,67,2,100,155
203,6/23/2014,2014,JJV,582,77,0,0,174
203,7/6/2011,2011,KBM,524,70,0,20,187
203,6/16/2012,2012,JDS,532,73,0,0,168
203,5/31/2012,2012,JJV,416,52,0,0,152
203,6/2/2011,2011,AMT,495,70,1,80,153
203,6/3/2013,2013,JJV,489,55,1,80,154
203,6/20/2011,2011,JJV,441,72,0,80,171
203,6/30/2012,2012,CPW,512,78,2,0,182
203,7/5/2013,2013,SJW,450,75,0,100,186
204,6/4/2014,2014,EVC,381,69,2,100,155
204,6/19/2013,2013,RRG,367,67,0,100,170
204,6/23/2014,2014,EVC,540,72,1,30,174
204,6/24/2014,2014,JJV,493,71,0,80,175
204,6/16/2012,2012,CLL,540,73,1,0,168
204,7/11/2014,2014,JJV,497,60,0,10,192
204,6/30/2012,2012,BSS,417,75,1,10,182
204,7/6/2011,2011,KBM,541,70,0,20,187
204,6/2/2011,2011,AMT,517,70,1,80,153
204,5/31/2012,2012,CPW,413,51,0,0,152
204,6/3/2013,2013,JJV,563,57,1,100,154
204,6/20/2011,2011,JJV,412,72,0,100,171
204,7/5/2013,2013,SJW,472,75,0,100,186
205,6/4/2014,2014,EVC,407,69,2,100,155
205,6/19/2013,2013,RRG,391,67,1,100,170
205,6/23/2014,2014,EVC,515,72,1,10,174
205,6/24/2014,2014,JJV,470,71,0,90,175
205,6/16/2012,2012,CLL,562,75,1,0,168
205,7/11/2014,2014,JJV,470,60,1,10,192
205,7/6/2011,2011,KBM,413,68,0,20,187
205,6/30/2012,2012,BSS,435,75,1,10,182
205,6/2/2011,2011,AMT,539,70,1,80,153
205,5/31/2012,2012,CPW,381,50,0,0,152
205,6/3/2013,2013,JJV,538,55,1,100,154
205,6/20/2011,2011,JJV,385,72,1,100,171
205,7/5/2013,2013,SJW,494,75,0,100,186
206,6/4/2014,2014,EVC,449,70,2,100,155
206,6/23/2014,2014,EVC,476,71,1,20,174
206,6/24/2014,2014,JJV,433,70,0,90,175
206,6/16/2012,2012,CLL,404,70,0,0,168
206,7/11/2014,2014,JJV,434,60,0,10,192
206,6/19/2013,2013,CLL,361,64,0,100,170
206,6/30/2012,2012,BSS,471,75,1,0,182
206,6/2/2011,2011,BSS,393,68,1,20,153
206,6/3/2013,2013,ROS,562,60,2,100,154
206,7/5/2013,2013,JDS,474,68,0,100,186
206,6/20/2011,2011,AMT,538,72,1,100,171
206,5/31/2012,2012,CPW,592,60,1,60,152
206,7/6/2011,2011,JJV,403,68,0,10,187
207,6/4/2014,2014,EVC,476,72,2,100,155
207,6/23/2014,2014,EVC,455,70,1,30,174
207,6/24/2014,2014,JJV,408,70,1,90,175
207,6/16/2012,2012,CLL,424,70,0,0,168
207,7/11/2014,2014,JJV,409,62,0,20,192
207,6/19/2013,2013,CLL,494,67,2,10,170
207,6/30/2012,2012,BSS,491,76,3,0,182
207,6/3/2013,2013,ROS,455,59,1,90,154
207,6/2/2011,2011,BSS,500,73,1,100,153
207,7/5/2013,2013,JDS,446,67,1,100,186
207,6/20/2011,2011,AMT,439,75,1,90,171
207,5/31/2012,2012,CPW,559,55,3,50,152
207,7/6/2011,2011,JJV,499,70,0,40,187
208,6/4/2014,2014,EVC,505,70,2,100,155
208,6/23/2014,2014,EVC,434,70,1,10,174
208,6/24/2014,2014,JJV,384,70,1,100,175
208,6/16/2012,2012,CLL,443,70,0,0,168
208,7/11/2014,2014,JJV,385,60,0,30,192
208,6/19/2013,2013,CLL,516,68,2,10,170
208,6/30/2012,2012,BSS,509,77,3,0,182
208,6/3/2013,2013,ROS,435,58,1,70,154
208,6/2/2011,2011,BSS,527,72,1,100,153
208,7/5/2013,2013,JDS,426,67,0,100,186
208,6/20/2011,2011,AMT,420,75,1,80,171
208,5/31/2012,2012,CPW,532,55,2,20,152
208,7/6/2011,2011,JJV,518,71,0,40,187
209,6/4/2014,2014,EVC,531,70,2,100,155
209,6/23/2014,2014,EVC,411,70,1,20,174
209,6/24/2014,2014,JJV,557,73,0,100,175
209,6/16/2012,2012,CLL,462,70,0,10,168
209,7/11/2014,2014,JJV,559,67,0,10,192
209,6/19/2013,2013,CLL,540,68,2,10,170
209,6/30/2012,2012,BSS,529,77,2,0,182
209,6/3/2013,2013,ROS,412,58,1,70,154
209,6/2/2011,2011,BSS,551,73,1,100,153
209,7/5/2013,2013,JDS,406,66,0,90,186
209,6/20/2011,2011,AMT,393,72,1,70,171
209,5/31/2012,2012,CPW,502,55,1,20,152
209,7/6/2011,2011,JJV,542,71,0,40,187
210,6/4/2014,2014,EVC,553,70,2,100,155
210,6/23/2014,2014,EVC,390,70,1,20,174
210,6/24/2014,2014,JJV,536,73,0,100,175
210,6/16/2012,2012,CLL,490,70,0,0,168
210,7/11/2014,2014,JJV,535,63,0,30,192
210,6/19/2013,2013,CLL,559,68,3,10,170
210,6/30/2012,2012,BSS,375,73,1,10,182
210,6/3/2013,2013,ROS,393,57,0,100,154
210,6/2/2011,2011,BSS,572,73,1,90,153
210,7/5/2013,2013,JDS,386,65,0,70,186
210,6/20/2011,2011,AMT,369,72,1,70,171
210,5/31/2012,2012,CPW,473,55,1,20,152
210,7/6/2011,2011,JJV,561,72,0,40,187
211,6/4/2014,2014,EVC,426,69,1,100,155
211,6/19/2013,2013,RRG,547,72,0,0,170
211,6/23/2014,2014,EVC,496,72,1,30,174
211,6/24/2014,2014,JJV,451,70,0,90,175
211,6/16/2012,2012,CLL,387,69,0,0,168
211,7/11/2014,2014,JJV,452,59,0,10,192
211,7/6/2011,2011,KBM,397,68,0,20,187
211,6/30/2012,2012,BSS,453,75,1,10,182
211,7/5/2013,2013,JDS,490,68,1,100,186
211,6/2/2011,2011,AMT,393,62,1,20,153
211,5/31/2012,2012,CPW,620,60,2,60,152
211,6/3/2013,2013,JJV,388,56,1,100,154
211,6/20/2011,2011,JJV,543,75,1,100,171
212,6/4/2014,2014,EVC,573,73,3,100,155
212,6/23/2014,2014,EVC,370,70,1,20,174
212,6/24/2014,2014,JJV,515,72,0,90,175
212,6/16/2012,2012,CLL,519,73,0,0,168
212,7/11/2014,2014,JJV,516,62,1,10,192
212,6/19/2013,2013,CLL,581,69,2,10,170
212,6/30/2012,2012,BSS,395,73,1,10,182
212,7/6/2011,2011,KBM,561,71,0,40,187
212,6/3/2013,2013,ROS,375,57,1,90,154
212,6/2/2011,2011,BSS,591,72,1,90,153
212,7/5/2013,2013,JDS,366,65,0,70,186
212,6/19/2011,2011,AMT,398,72,1,60,170
212,5/31/2012,2012,CPW,447,53,0,0,152
332,6/21/2014,2014,EVC,399,70,1,10,172
332,7/1/2013,2013,RRG,376,72,0,100,182
332,7/9/2014,2014,EVC,386,65,1,40,190
332,6/2/2014,2014,JDS,505,72,3,90,153
332,6/20/2014,2014,JJV,486,74,0,70,171
332,6/14/2012,2012,JDS,427,60,0,0,166
332,6/22/2011,2011,BSS,470,76,2,80,173
332,5/30/2012,2012,JJV,494,61,0,0,151
332,7/10/2011,2011,AMT,452,70,1,0,191
332,5/29/2013,2013,JJV,523,67,0,20,149
332,6/3/2011,2011,JJV,449,70,0,30,154
332,6/29/2012,2012,CPW,384,70,0,0,181
332,6/16/2013,2013,SJW,458,75,0,100,167
333,6/21/2014,2014,EVC,369,70,1,10,172
333,7/9/2014,2014,EVC,365,65,1,30,190
333,7/1/2013,2013,RRG,413,73,0,100,182
333,6/2/2014,2014,JDS,534,73,3,90,153
333,6/20/2014,2014,JJV,456,74,0,80,171
333,6/14/2012,2012,JDS,404,59,0,0,166
333,6/22/2011,2011,BSS,486,76,2,80,173
333,5/30/2012,2012,JJV,521,62,0,0,151
333,7/10/2011,2011,AMT,433,70,0,0,191
333,5/29/2013,2013,JJV,444,68,0,60,149
333,6/3/2011,2011,JJV,425,68,1,20,154
333,6/29/2012,2012,CPW,362,68,0,0,181
333,6/16/2013,2013,SJW,418,75,0,100,167
334,6/21/2014,2014,EVC,550,72,1,10,172
334,7/9/2014,2014,EVC,532,67,1,10,190
334,6/2/2014,2014,JDS,550,73,3,90,153
334,6/20/2014,2014,JJV,440,74,0,80,171
334,7/1/2013,2013,VMJ,515,68,0,60,182
334,6/14/2012,2012,JDS,387,58,1,0,166
334,6/22/2011,2011,BSS,503,75,3,100,173
334,5/30/2012,2012,JJV,541,65,0,0,151
334,7/10/2011,2011,AMT,416,70,1,0,191
334,5/29/2013,2013,JJV,559,68,1,10,149
334,6/3/2011,2011,JJV,402,65,1,30,154
334,6/29/2012,2012,CPW,521,78,0,0,181
334,6/16/2013,2013,SJW,400,75,0,100,167
335,5/29/2013,2013,RRG,570,69,1,10,149
335,6/21/2014,2014,EVC,527,72,1,0,172
335,7/1/2013,2013,RRG,502,73,0,80,182
335,7/9/2014,2014,EVC,502,67,1,10,190
335,6/2/2014,2014,JDS,567,73,3,100,153
335,6/20/2014,2014,JJV,420,74,0,90,171
335,6/14/2012,2012,JDS,368,58,0,0,166
335,6/22/2011,2011,BSS,367,72,3,30,173
335,5/30/2012,2012,JJV,575,67,0,0,151
335,7/10/2011,2011,AMT,399,69,1,0,191
335,6/3/2011,2011,JJV,571,75,0,90,154
335,6/29/2012,2012,CPW,497,78,0,0,181
335,6/16/2013,2013,SJW,381,75,0,90,167
336,6/21/2014,2014,EVC,504,70,1,0,172
336,7/1/2013,2013,RRG,480,73,0,80,182
336,7/9/2014,2014,EVC,479,65,1,10,190
336,6/2/2014,2014,JDS,410,71,3,80,153
336,6/20/2014,2014,JJV,585,78,0,70,171
336,6/14/2012,2012,JDS,507,63,1,10,166
336,6/22/2011,2011,BSS,387,75,2,50,173
336,5/30/2012,2012,JJV,380,58,0,10,151
336,7/10/2011,2011,AMT,367,67,0,0,191
336,5/29/2013,2013,JJV,384,68,1,90,149
336,6/3/2011,2011,JJV,549,74,0,90,154
336,6/16/2013,2013,JJV,535,68,1,100,167
336,6/29/2012,2012,CPW,474,75,0,0,181
337,6/21/2014,2014,EVC,454,70,1,30,172
337,7/1/2013,2013,RRG,432,73,0,100,182
337,7/9/2014,2014,EVC,436,65,1,40,190
337,6/2/2014,2014,JDS,459,71,3,70,153
337,6/20/2014,2014,JJV,538,76,0,80,171
337,6/14/2012,2012,JDS,471,61,1,0,166
337,6/22/2011,2011,BSS,425,76,3,70,173
337,5/30/2012,2012,JJV,437,61,0,0,151
337,7/10/2011,2011,AMT,505,72,1,0,191
337,5/29/2013,2013,JJV,465,66,0,60,149
337,6/3/2011,2011,JJV,504,70,0,30,154
337,6/29/2012,2012,CPW,435,74,0,0,181
337,6/16/2013,2013,SJW,540,75,0,100,167
338,6/21/2014,2014,EVC,430,70,1,10,172
338,7/9/2014,2014,EVC,410,65,1,80,190
338,6/2/2014,2014,JDS,479,71,3,80,153
338,6/20/2014,2014,JJV,512,74,0,70,171
338,7/1/2013,2013,VMJ,560,68,2,70,182
338,6/14/2012,2012,JDS,448,60,0,0,166
338,6/22/2011,2011,BSS,446,77,2,70,173
338,5/30/2012,2012,JJV,463,63,0,0,151
338,7/10/2011,2011,AMT,483,72,1,0,191
338,5/29/2013,2013,JJV,493,65,0,50,149
338,6/3/2011,2011,JJV,478,70,0,30,154
338,6/29/2012,2012,CPW,412,72,0,0,181
338,6/16/2013,2013,SJW,498,76,0,100,167
357,6/16/2014,2014,EVC,455,72,1,80,167
357,6/7/2014,2014,JDS,547,66,1,10,158
357,6/17/2014,2014,JDS,439,71,2,50,168
357,7/3/2014,2014,JDS,430,60,2,60,184
357,6/29/2012,2012,CLL,398,74,0,0,181
357,6/3/2011,2011,KBM,445,66,0,10,154
357,5/29/2013,2013,ROS,389,68,1,100,149
357,5/30/2012,2012,JDS,456,65,0,0,151
357,7/1/2013,2013,ROS,430,67,3,90,182
357,7/6/2011,2011,AMT,505,72,1,50,187
357,6/14/2012,2012,CPW,508,62,0,0,166
357,6/21/2011,2011,JJV,543,75,2,0,172
357,6/15/2013,2013,SJW,492,75,0,0,166
358,6/16/2014,2014,EVC,480,74,1,70,167
358,6/7/2014,2014,JDS,524,64,1,10,158
358,6/17/2014,2014,JDS,419,69,1,60,168
358,7/3/2014,2014,JDS,412,60,1,30,184
358,6/29/2012,2012,CLL,370,72,1,0,181
358,6/3/2011,2011,KBM,420,66,0,20,154
358,5/29/2013,2013,ROS,414,70,2,90,149
358,5/30/2012,2012,JDS,431,64,0,10,151
358,7/1/2013,2013,ROS,405,67,3,90,182
358,7/6/2011,2011,AMT,486,72,1,10,187
358,6/14/2012,2012,CPW,534,62,1,0,166
358,6/21/2011,2011,JJV,570,75,2,0,172
358,6/15/2013,2013,SJW,466,73,0,0,166
359,6/5/2014,2014,EVC,547,65,3,0,156
359,6/17/2014,2014,EVC,523,71,1,30,168
359,7/3/2014,2014,EVC,498,63,1,100,184
359,6/16/2014,2014,JDS,465,67,1,80,167
359,6/14/2012,2012,AEB,600,68,1,10,166
359,5/30/2012,2012,CLL,374,60,0,10,151
359,6/3/2011,2011,KBM,385,65,0,0,154
359,5/29/2013,2013,ROS,441,70,0,20,149
359,7/1/2013,2013,ROS,381,66,2,80,182
359,6/29/2012,2012,JJV,480,81,0,0,181
359,7/6/2011,2011,AMT,468,72,1,10,187
359,6/21/2011,2011,JJV,590,78,0,0,172
359,6/15/2013,2013,SJW,442,73,0,0,166
360,6/5/2014,2014,EVC,525,67,2,10,156
360,6/17/2014,2014,EVC,504,70,1,20,168
360,7/3/2014,2014,EVC,481,63,1,100,184
360,6/16/2014,2014,JDS,484,67,1,60,167
360,6/14/2012,2012,AEB,573,66,0,20,166
360,5/30/2012,2012,CLL,396,60,0,0,151
360,6/3/2011,2011,KBM,520,68,0,100,154
360,5/29/2013,2013,ROS,460,71,0,40,149
360,7/1/2013,2013,ROS,494,68,1,90,182
360,6/29/2012,2012,JJV,458,80,0,0,181
360,7/6/2011,2011,AMT,452,70,0,10,187
360,6/21/2011,2011,JJV,496,75,0,0,172
360,6/15/2013,2013,SJW,424,72,0,0,166
361,6/16/2014,2014,EVC,503,73,1,90,167
361,6/7/2014,2014,JDS,495,61,1,0,158
361,6/17/2014,2014,JDS,396,68,1,50,168
361,7/3/2014,2014,JDS,392,60,1,30,184
361,6/29/2012,2012,CLL,437,76,0,0,181
361,6/3/2011,2011,KBM,495,68,0,80,154
361,5/30/2012,2012,JDS,401,63,0,10,151
361,5/29/2013,2013,ROS,497,72,1,30,149
361,7/1/2013,2013,ROS,467,68,3,90,182
361,7/6/2011,2011,AMT,418,70,0,10,187
361,6/14/2012,2012,CPW,559,65,1,0,166
361,6/21/2011,2011,JJV,521,76,1,0,172
361,6/15/2013,2013,SJW,400,71,0,0,166
362,6/16/2014,2014,EVC,523,73,1,90,167
362,6/7/2014,2014,JDS,475,60,1,0,158
362,6/17/2014,2014,JDS,457,72,1,50,168
362,7/3/2014,2014,JDS,450,60,1,80,184
362,6/29/2012,2012,CLL,420,75,0,0,181
362,6/3/2011,2011,KBM,460,67,0,10,154
362,5/30/2012,2012,JDS,478,65,0,0,151
362,5/29/2013,2013,ROS,516,73,2,10,149
362,7/1/2013,2013,ROS,445,67,3,100,182
362,7/6/2011,2011,AMT,525,70,1,50,187
362,6/14/2012,2012,CPW,485,60,0,0,166
362,6/21/2011,2011,JJV,413,75,1,0,172
362,6/15/2013,2013,SJW,381,70,0,0,166
363,6/16/2014,2014,EVC,543,73,1,100,167
363,6/7/2014,2014,JDS,458,59,1,0,158
363,6/17/2014,2014,JDS,473,72,1,50,168
363,7/3/2014,2014,JDS,468,60,2,100,184
363,5/29/2013,2013,VMJ,501,68,0,40,149
363,6/29/2012,2012,CLL,477,77,0,0,181
363,6/3/2011,2011,KBM,575,70,0,100,154
363,5/30/2012,2012,JDS,497,66,0,0,151
363,6/15/2013,2013,ROS,374,62,0,40,166
363,7/6/2011,2011,AMT,542,70,1,40,187
363,6/14/2012,2012,CPW,460,57,0,0,166
363,6/21/2011,2011,JJV,388,75,0,0,172
363,7/1/2013,2013,SJW,427,70,2,100,182
364,6/5/2014,2014,EVC,485,67,2,10,156
364,6/17/2014,2014,EVC,405,66,1,50,168
364,7/3/2014,2014,EVC,396,61,1,90,184
364,6/16/2014,2014,JDS,505,68,1,90,167
364,6/14/2012,2012,AEB,544,64,0,0,166
364,5/30/2012,2012,CLL,421,62,0,0,151
364,5/29/2013,2013,VMJ,459,66,0,40,149
364,6/3/2011,2011,KBM,540,68,0,100,154
364,6/15/2013,2013,ROS,410,62,0,60,166
364,6/29/2012,2012,JJV,438,78,0,0,181
364,7/6/2011,2011,AMT,380,68,1,20,187
364,6/21/2011,2011,JJV,465,75,0,0,172
364,7/1/2013,2013,SJW,389,70,0,100,182
365,6/16/2014,2014,EVC,562,73,1,90,167
365,6/7/2014,2014,JDS,439,59,1,0,158
365,6/14/2012,2012,AEB,459,58,1,10,166
365,6/17/2014,2014,JDS,489,71,2,50,168
365,7/3/2014,2014,JDS,484,60,3,100,184
365,5/29/2013,2013,VMJ,390,68,0,40,149
365,5/30/2012,2012,CLL,510,66,0,0,151
365,6/21/2011,2011,KBM,384,73,0,20,172
365,6/15/2013,2013,ROS,467,64,0,10,166
365,7/6/2011,2011,BSS,383,73,0,20,187
365,6/29/2012,2012,JJV,375,76,0,0,181
365,6/3/2011,2011,AMT,567,74,1,90,154
365,7/1/2013,2013,SJW,448,70,3,100,182
366,6/5/2014,2014,EVC,464,65,2,10,156
366,6/17/2014,2014,EVC,428,66,2,70,168
366,7/3/2014,2014,EVC,417,60,1,40,184
366,6/16/2014,2014,JDS,523,68,1,90,167
366,6/14/2012,2012,AEB,515,61,0,0,166
366,5/30/2012,2012,CLL,450,63,0,0,151
366,5/29/2013,2013,VMJ,437,66,0,60,149
366,6/21/2011,2011,KBM,430,73,0,0,172
366,6/15/2013,2013,ROS,429,63,1,20,166
366,7/6/2011,2011,BSS,424,73,0,30,187
366,6/29/2012,2012,JJV,415,78,0,0,181
366,6/3/2011,2011,AMT,518,70,1,60,154
366,7/1/2013,2013,SJW,486,70,3,100,182
367,6/5/2014,2014,EVC,416,65,1,30,156
367,6/17/2014,2014,EVC,475,70,1,20,168
367,7/3/2014,2014,EVC,460,60,1,100,184
367,6/16/2014,2014,JDS,561,72,1,100,167
367,5/29/2013,2013,VMJ,478,66,0,60,149
367,6/29/2012,2012,CLL,457,77,0,0,181
367,6/3/2011,2011,KBM,555,68,0,100,154
367,5/30/2012,2012,JDS,375,63,0,10,151
367,6/15/2013,2013,ROS,390,62,1,50,166
367,7/6/2011,2011,AMT,396,68,1,10,187
367,6/14/2012,2012,CPW,582,68,2,0,166
367,6/21/2011,2011,JJV,439,75,0,0,172
367,7/1/2013,2013,SJW,409,70,2,100,182
368,6/5/2014,2014,EVC,440,65,3,10,156
368,6/17/2014,2014,EVC,451,68,1,40,168
368,7/3/2014,2014,EVC,437,60,1,70,184
368,6/16/2014,2014,JDS,542,70,1,100,167
368,6/14/2012,2012,AEB,486,60,1,10,166
368,5/29/2013,2013,VMJ,411,69,0,50,149
368,5/30/2012,2012,CLL,482,64,0,0,151
368,6/21/2011,2011,KBM,403,74,0,20,172
368,6/15/2013,2013,ROS,449,64,1,20,166
368,7/6/2011,2011,BSS,401,73,0,20,187
368,6/29/2012,2012,JJV,394,77,0,0,181
368,6/3/2011,2011,AMT,549,72,1,90,154
368,7/1/2013,2013,SJW,465,70,4,100,182
374,6/9/2014,2014,EVC,564,67,2,100,160
374,6/18/2012,2012,AEB,433,75,1,0,170
374,6/28/2014,2014,JDS,419,73,1,90,179
374,7/15/2014,2014,JDS,432,59,1,20,196
374,5/31/2012,2012,CLL,498,59,2,40,152
374,7/7/2013,2013,VMJ,457,66,0,90,188
374,7/7/2011,2011,GDG,465,70,0,10,188
374,6/4/2011,2011,KBM,444,72,1,50,155
374,6/26/2014,2014,MAV,382,64,0,30,177
374,6/18/2013,2013,ROS,416,68,1,100,169
374,6/21/2011,2011,BSS,507,77,4,10,172
374,6/30/2012,2012,JJV,471,80,0,0,182
374,6/2/2013,2013,SJW,559,74,2,10,153
375,6/26/2014,2014,EVC,505,70,1,60,177
375,6/9/2014,2014,JDS,391,63,2,100,160
375,6/18/2012,2012,AEB,382,71,1,60,170
375,6/28/2014,2014,JDS,379,71,1,100,179
375,7/15/2014,2014,JDS,391,59,1,30,196
375,5/31/2012,2012,CLL,544,61,3,40,152
375,6/18/2013,2013,VMJ,571,68,0,80,169
375,7/7/2013,2013,VMJ,396,68,0,100,188
375,7/7/2011,2011,GDG,411,67,0,10,188
375,6/4/2011,2011,KBM,391,70,1,50,155
375,6/21/2011,2011,BSS,550,78,4,10,172
375,6/30/2012,2012,JJV,510,81,3,0,182
375,6/2/2013,2013,SJW,437,67,1,20,153
376,6/26/2014,2014,EVC,526,70,1,70,177
376,6/9/2014,2014,JDS,373,63,1,90,160
376,6/28/2014,2014,JDS,362,71,1,100,179
376,7/15/2014,2014,JDS,374,59,2,10,196
376,6/30/2012,2012,CLL,405,77,1,0,182
376,7/7/2013,2013,VMJ,414,68,0,80,188
376,7/7/2011,2011,GDG,389,67,0,10,188
376,6/4/2011,2011,KBM,369,68,2,0,155
376,5/31/2012,2012,JDS,368,55,0,0,152
376,6/18/2013,2013,ROS,568,69,1,60,169
376,6/21/2011,2011,BSS,571,77,3,10,172
376,6/16/2012,2012,CPW,555,77,2,10,168
376,6/2/2013,2013,SJW,411,66,2,20,153
377,6/26/2014,2014,EVC,360,67,1,10,177
377,6/9/2014,2014,JDS,534,66,1,100,160
377,6/18/2013,2013,VMJ,530,68,0,80,169
377,6/30/2012,2012,CLL,388,77,1,10,182
377,6/28/2014,2014,MAV,367,70,0,100,179
377,7/15/2014,2014,MAV,383,57,0,60,196
377,5/31/2012,2012,JDS,387,56,0,0,152
377,6/2/2013,2013,ROS,371,67,0,20,153
377,6/4/2011,2011,BSS,591,74,1,10,155
377,6/21/2011,2011,AMT,377,74,1,30,172
377,6/16/2012,2012,CPW,532,75,2,20,168
377,7/7/2011,2011,JJV,438,68,1,10,188
377,7/7/2013,2013,SJW,375,70,0,100,188
378,6/26/2014,2014,EVC,380,68,1,0,177
378,6/9/2014,2014,JDS,515,65,1,100,160
378,6/18/2013,2013,VMJ,552,68,0,90,169
378,6/30/2012,2012,CLL,427,78,1,0,182
378,6/28/2014,2014,MAV,387,70,1,100,179
378,7/15/2014,2014,MAV,408,57,1,40,196
378,5/31/2012,2012,JDS,410,57,0,0,152
378,6/2/2013,2013,ROS,391,68,0,20,153
378,6/4/2011,2011,BSS,572,73,1,10,155
378,6/21/2011,2011,AMT,396,75,1,20,172
378,6/16/2012,2012,CPW,508,73,1,30,168
378,7/7/2011,2011,JJV,421,68,0,10,188
378,7/7/2013,2013,SJW,398,72,0,100,188
379,6/26/2014,2014,EVC,438,68,1,80,177
379,6/9/2014,2014,JDS,455,64,2,100,160
379,6/30/2012,2012,CLL,443,78,1,0,182
379,6/4/2011,2011,KBM,542,76,1,40,155
379,6/18/2013,2013,CLL,575,71,2,40,169
379,6/28/2014,2014,MAV,404,70,1,80,179
379,7/15/2014,2014,MAV,429,57,1,20,196
379,5/31/2012,2012,JDS,467,60,2,0,152
379,6/2/2013,2013,ROS,450,69,0,0,153
379,6/21/2011,2011,BSS,422,76,2,20,172
379,6/16/2012,2012,CPW,435,70,0,30,168
379,7/7/2011,2011,JJV,403,68,0,10,188
379,7/7/2013,2013,SJW,451,75,0,100,188
380,6/26/2014,2014,EVC,460,70,1,70,177
380,6/9/2014,2014,JDS,436,64,1,100,160
380,6/28/2014,2014,JJV,377,74,0,100,179
380,7/15/2014,2014,JJV,390,59,0,80,196
380,6/30/2012,2012,CLL,464,79,0,0,182
380,7/7/2011,2011,GDG,542,74,0,0,188
380,6/4/2011,2011,KBM,520,75,0,30,155
380,6/18/2013,2013,CLL,456,71,2,100,169
380,5/31/2012,2012,JDS,488,61,1,0,152
380,6/2/2013,2013,ROS,469,70,1,0,153
380,6/21/2011,2011,BSS,441,76,2,10,172
380,6/16/2012,2012,CPW,410,67,0,20,168
380,7/7/2013,2013,SJW,474,75,0,100,188
381,6/9/2014,2014,EVC,536,67,2,100,160
381,6/28/2014,2014,JJV,396,74,0,100,179
381,7/15/2014,2014,JJV,410,59,0,30,196
381,6/30/2012,2012,CLL,483,80,1,0,182
381,7/7/2011,2011,GDG,516,73,0,0,188
381,6/4/2011,2011,KBM,493,74,0,30,155
381,6/18/2013,2013,CLL,436,70,1,100,169
381,6/26/2014,2014,MAV,405,65,0,30,177
381,5/31/2012,2012,JDS,509,61,2,20,152
381,6/2/2013,2013,ROS,492,70,1,0,153
381,6/21/2011,2011,BSS,462,76,2,10,172
381,6/16/2012,2012,CPW,389,65,0,20,168
381,7/7/2013,2013,SJW,499,75,0,100,188
382,6/26/2014,2014,EVC,399,68,1,20,177
382,6/9/2014,2014,JDS,493,65,2,100,160
382,6/30/2012,2012,CLL,361,76,2,10,182
382,7/7/2011,2011,GDG,589,77,0,0,188
382,6/18/2013,2013,CLL,537,71,1,90,169
382,6/28/2014,2014,MAV,441,73,1,70,179
382,7/15/2014,2014,MAV,464,58,1,20,196
382,5/31/2012,2012,JDS,428,59,2,0,152
382,6/2/2013,2013,ROS,411,69,0,10,153
382,6/4/2011,2011,BSS,553,74,1,10,155
382,6/21/2011,2011,AMT,415,75,2,20,172
382,6/16/2012,2012,CPW,484,72,1,30,168
382,7/7/2013,2013,SJW,417,75,0,100,188
383,6/26/2014,2014,EVC,418,68,1,40,177
383,6/9/2014,2014,JDS,473,65,1,100,160
383,6/30/2012,2012,CLL,513,82,2,0,182
383,7/7/2011,2011,GDG,568,76,0,0,188
383,6/4/2011,2011,KBM,565,78,1,40,155
383,6/18/2013,2013,CLL,554,69,1,70,169
383,6/28/2014,2014,MAV,422,72,2,80,179
383,7/15/2014,2014,MAV,447,58,2,20,196
383,5/31/2012,2012,JDS,448,59,1,0,152
383,6/2/2013,2013,ROS,430,69,2,0,153
383,6/21/2011,2011,BSS,390,74,1,30,172
383,6/16/2012,2012,CPW,463,72,1,40,168
383,7/7/2013,2013,SJW,434,75,0,100,188
384,6/13/2014,2014,EVC,474,67,2,100,164
384,6/29/2014,2014,EVC,395,76,2,100,180
384,7/16/2014,2014,EVC,414,55,1,30,197
384,6/27/2014,2014,JDS,413,67,1,20,178
384,6/18/2012,2012,CLL,499,75,2,0,170
384,7/1/2012,2012,CLL,514,79,1,90,183
384,6/17/2013,2013,CLL,383,70,0,90,168
384,6/25/2011,2011,KBM,465,60,0,0,176
384,6/2/2012,2012,JDS,401,50,2,10,154
384,7/2/2013,2013,ROS,387,64,1,100,183
384,6/6/2011,2011,AMT,408,67,1,20,157
384,5/30/2013,2013,JJV,534,71,2,20,150
384,7/11/2011,2011,JJV,504,78,2,10,192
385,6/13/2014,2014,EVC,452,65,2,100,164
385,6/29/2014,2014,EVC,375,75,2,100,180
385,7/16/2014,2014,EVC,395,55,1,20,197
385,6/27/2014,2014,JDS,430,68,1,10,178
385,6/25/2011,2011,GDG,496,64,0,0,176
385,7/1/2012,2012,CLL,493,79,1,100,183
385,6/17/2013,2013,CLL,365,69,0,90,168
385,6/2/2012,2012,JDS,559,55,2,10,154
385,6/6/2011,2011,BSS,388,69,0,20,157
385,7/2/2013,2013,ROS,365,64,1,100,183
385,6/18/2012,2012,JJV,381,71,1,20,170
385,7/11/2011,2011,AMT,396,75,1,0,192
385,5/30/2013,2013,JJV,558,72,3,20,150
386,6/13/2014,2014,EVC,434,65,1,100,164
386,6/27/2014,2014,JDS,447,68,1,10,178
386,6/17/2013,2013,VMJ,370,68,0,100,168
386,6/29/2014,2014,JJV,438,73,1,70,180
386,6/25/2011,2011,GDG,475,63,0,0,176
386,7/16/2014,2014,JJV,450,57,1,20,197
386,7/1/2012,2012,CLL,453,79,1,100,183
386,6/2/2012,2012,JDS,537,54,1,10,154
386,6/6/2011,2011,BSS,406,68,0,20,157
386,6/18/2012,2012,JJV,403,71,1,20,170
386,7/11/2011,2011,AMT,412,75,1,0,192
386,7/2/2013,2013,JJV,378,62,2,100,183
386,5/30/2013,2013,SJW,577,76,1,30,150
387,6/13/2014,2014,EVC,500,65,2,100,164
387,6/27/2014,2014,JDS,395,67,2,10,178
387,6/17/2013,2013,VMJ,388,68,0,100,168
387,7/1/2012,2012,CLL,473,79,1,100,183
387,6/25/2011,2011,KBM,443,62,0,0,176
387,6/29/2014,2014,MAV,422,72,3,80,180
387,7/16/2014,2014,MAV,439,55,1,0,197
387,6/2/2012,2012,JDS,424,50,1,10,154
387,6/18/2012,2012,JJV,503,74,2,10,170
387,6/6/2011,2011,AMT,433,72,1,30,157
387,7/2/2013,2013,JJV,402,62,1,100,183
387,7/11/2011,2011,JJV,522,78,2,10,192
387,5/30/2013,2013,SJW,541,76,1,30,150
388,6/13/2014,2014,JDS,494,64,2,100,164
388,6/29/2014,2014,JDS,418,73,2,60,180
388,7/16/2014,2014,JDS,448,57,1,0,197
388,6/27/2014,2014,JJV,412,69,1,30,178
388,6/18/2012,2012,CLL,460,73,2,0,170
388,6/17/2013,2013,CLL,414,71,0,60,168
388,6/25/2011,2011,KBM,421,62,0,10,176
388,7/2/2013,2013,ROS,432,65,2,100,183
388,6/2/2012,2012,JJV,421,48,1,10,154
388,6/6/2011,2011,AMT,459,72,1,30,157
388,5/30/2013,2013,JJV,474,70,1,70,150
388,7/1/2012,2012,CPW,480,82,0,100,183
388,7/11/2011,2011,JJV,452,77,1,10,192
389,6/13/2014,2014,JDS,474,64,1,100,164
389,6/29/2014,2014,JDS,402,73,3,80,180
389,7/16/2014,2014,JDS,430,57,1,10,197
389,6/27/2014,2014,JJV,432,69,0,30,178
389,6/18/2012,2012,CLL,441,73,3,0,170
389,6/17/2013,2013,CLL,438,72,0,60,168
389,6/25/2011,2011,KBM,402,61,0,20,176
389,7/2/2013,2013,ROS,455,65,0,100,183
389,6/2/2012,2012,JJV,444,50,3,10,154
389,6/6/2011,2011,AMT,484,72,1,10,157
389,5/30/2013,2013,JJV,447,69,2,70,150
389,7/1/2012,2012,CPW,460,82,0,100,183
389,7/11/2011,2011,JJV,433,76,2,10,192
390,6/13/2014,2014,EVC,525,65,1,100,164
390,6/27/2014,2014,JDS,376,67,1,10,178
390,6/17/2013,2013,VMJ,405,68,0,100,168
390,6/25/2011,2011,GDG,386,60,0,0,176
390,7/1/2012,2012,CLL,415,78,2,100,183
390,6/29/2014,2014,MAV,405,72,3,80,180
390,7/16/2014,2014,MAV,421,55,1,0,197
390,6/2/2012,2012,JDS,447,51,3,10,154
390,6/6/2011,2011,BSS,489,73,1,10,157
390,6/18/2012,2012,JJV,487,74,2,10,170
390,7/11/2011,2011,AMT,490,78,2,0,192
390,7/2/2013,2013,JJV,423,63,1,100,183
390,5/30/2013,2013,SJW,516,77,1,30,150
391,6/13/2014,2014,EVC,416,65,2,100,164
391,6/27/2014,2014,JDS,465,68,1,10,178
391,6/17/2013,2013,VMJ,423,68,0,50,168
391,6/29/2014,2014,JJV,413,75,1,80,180
391,6/25/2011,2011,GDG,452,63,0,0,176
391,7/16/2014,2014,JJV,422,56,1,20,197
391,7/1/2012,2012,CLL,433,78,1,100,183
391,6/2/2012,2012,JDS,517,53,1,10,154
391,6/6/2011,2011,BSS,424,69,0,10,157
391,6/18/2012,2012,JJV,422,72,1,20,170
391,7/11/2011,2011,AMT,429,75,1,0,192
391,7/2/2013,2013,JJV,441,62,1,100,183
391,5/30/2013,2013,SJW,489,76,1,80,150
392,6/13/2014,2014,EVC,395,65,2,100,164
392,6/27/2014,2014,JDS,483,70,1,10,178
392,6/17/2013,2013,VMJ,445,70,0,60,168
392,6/29/2014,2014,JJV,393,74,1,80,180
392,6/25/2011,2011,GDG,434,62,0,0,176
392,7/16/2014,2014,JJV,404,57,0,20,197
392,7/1/2012,2012,CLL,373,77,1,100,183
392,6/2/2012,2012,JDS,496,52,2,10,154
392,6/6/2011,2011,BSS,446,70,0,10,157
392,6/18/2012,2012,JJV,444,72,1,20,170
392,7/11/2011,2011,AMT,448,75,2,0,192
392,7/2/2013,2013,JJV,460,62,1,100,183
392,5/30/2013,2013,SJW,464,76,1,80,150
393,6/13/2014,2014,JDS,392,63,1,100,164
393,6/27/2014,2014,JJV,498,69,0,30,178
393,6/17/2013,2013,VMJ,466,70,0,70,168
393,6/25/2011,2011,GDG,408,60,0,0,176
393,7/1/2012,2012,CLL,395,77,1,100,183
393,6/29/2014,2014,MAV,386,72,2,80,180
393,7/16/2014,2014,MAV,401,55,1,0,197
393,6/2/2012,2012,JDS,469,51,2,10,154
393,6/6/2011,2011,BSS,468,71,1,10,157
393,6/18/2012,2012,JJV,466,73,1,10,170
393,7/11/2011,2011,AMT,472,76,1,0,192
393,7/2/2013,2013,JJV,482,62,1,100,183
393,5/30/2013,2013,SJW,432,75,1,80,150
394,6/13/2014,2014,JDS,446,63,1,100,164
394,6/29/2014,2014,JDS,386,72,1,70,180
394,7/16/2014,2014,JDS,410,57,1,10,197
394,6/27/2014,2014,JJV,451,69,0,30,178
394,6/18/2012,2012,CLL,423,73,1,0,170
394,6/17/2013,2013,CLL,459,73,0,40,168
394,6/25/2011,2011,KBM,381,60,0,20,176
394,7/2/2013,2013,ROS,479,66,2,100,183
394,6/2/2012,2012,JJV,465,50,1,10,154
394,6/6/2011,2011,AMT,505,72,1,10,157
394,5/30/2013,2013,JJV,429,68,0,80,150
394,7/1/2012,2012,CPW,440,80,1,100,183
394,7/11/2011,2011,JJV,411,76,1,10,192
395,6/29/2014,2014,EVC,423,75,3,100,180
395,7/16/2014,2014,EVC,435,57,1,10,197
395,6/13/2014,2014,JDS,521,64,2,100,164
395,6/27/2014,2014,JJV,392,69,0,50,178
395,6/18/2012,2012,CLL,479,75,3,0,170
395,6/17/2013,2013,CLL,401,71,0,70,168
395,6/25/2011,2011,KBM,491,61,0,0,176
395,7/2/2013,2013,ROS,408,64,4,100,183
395,6/2/2012,2012,JJV,395,50,1,10,154
395,6/6/2011,2011,AMT,388,67,1,20,157
395,5/30/2013,2013,JJV,510,72,2,20,150
395,7/1/2012,2012,CPW,504,82,0,100,183
395,7/11/2011,2011,JJV,479,78,1,10,192
401,5/30/2013,2013,RRG,497,68,1,30,150
401,6/25/2014,2014,EVC,434,70,2,50,176
401,6/12/2014,2014,JDS,393,63,1,80,163
401,6/2/2012,2012,CLL,501,57,0,0,154
401,6/6/2011,2011,GDG,472,72,0,0,157
401,7/2/2013,2013,VMJ,477,64,1,100,183
401,6/27/2014,2014,MAV,404,67,1,30,178
401,7/13/2014,2014,MAV,398,71,2,80,194
401,6/17/2013,2013,ROS,362,69,0,100,168
401,6/18/2012,2012,JDS,401,72,0,10,170
401,7/11/2011,2011,BSS,401,77,1,20,192
401,7/1/2012,2012,MAV,471,70,2,50,183
401,6/25/2011,2011,JJV,606,70,0,10,176
402,5/30/2013,2013,RRG,450,68,1,100,150
402,6/25/2014,2014,EVC,477,70,1,20,176
402,6/11/2014,2014,JDS,436,66,2,70,162
402,6/2/2012,2012,CLL,448,51,0,0,154
402,6/6/2011,2011,GDG,523,74,1,0,157
402,7/2/2013,2013,VMJ,455,64,0,100,183
402,6/27/2014,2014,MAV,450,67,1,10,178
402,7/13/2014,2014,MAV,442,71,3,100,194
402,6/17/2013,2013,ROS,415,69,0,100,168
402,6/18/2012,2012,JDS,447,73,0,10,170
402,7/11/2011,2011,BSS,439,79,1,10,192
402,6/25/2011,2011,AMT,395,68,1,20,176
402,7/1/2012,2012,MAV,409,70,0,50,183
403,5/30/2013,2013,RRG,430,67,1,30,150
403,6/25/2014,2014,EVC,497,70,1,10,176
403,6/11/2014,2014,JDS,415,66,2,80,162
403,6/2/2012,2012,CLL,420,50,0,0,154
403,6/6/2011,2011,GDG,545,75,1,0,157
403,7/2/2013,2013,VMJ,436,64,1,100,183
403,6/27/2014,2014,MAV,559,70,3,0,178
403,7/13/2014,2014,MAV,537,72,3,90,194
403,6/17/2013,2013,ROS,431,70,0,90,168
403,6/18/2012,2012,JDS,464,73,1,10,170
403,7/11/2011,2011,BSS,458,81,1,10,192
403,6/25/2011,2011,AMT,377,68,1,20,176
403,7/1/2012,2012,MAV,389,70,0,50,183
404,6/12/2014,2014,EVC,396,65,2,80,163
404,6/27/2014,2014,EVC,447,70,1,40,178
404,7/2/2013,2013,RRG,395,68,1,100,183
404,7/13/2014,2014,EVC,435,75,2,100,194
404,6/2/2012,2012,AEB,508,53,1,0,154
404,6/6/2011,2011,KBM,499,72,0,40,157
404,6/25/2014,2014,MAV,421,66,2,100,176
404,7/1/2012,2012,BSS,443,76,1,100,183
404,5/30/2013,2013,ROS,496,76,0,70,150
404,7/11/2011,2011,BSS,540,86,4,10,192
404,6/18/2012,2012,CPW,427,70,1,0,170
404,6/25/2011,2011,JJV,425,65,1,30,176
404,6/17/2013,2013,SJW,420,73,0,100,168
405,6/12/2014,2014,EVC,425,67,2,90,163
405,6/27/2014,2014,EVC,418,70,1,50,178
405,7/2/2013,2013,RRG,433,70,1,100,183
405,7/13/2014,2014,EVC,415,75,2,100,194
405,6/2/2012,2012,AEB,536,56,1,0,154
405,6/6/2011,2011,KBM,522,75,0,30,157
405,6/25/2014,2014,MAV,400,66,0,100,176
405,7/1/2012,2012,BSS,421,76,1,100,183
405,5/30/2013,2013,ROS,518,77,0,20,150
405,7/11/2011,2011,BSS,517,85,1,10,192
405,6/18/2012,2012,CPW,405,67,1,0,170
405,6/25/2011,2011,JJV,394,65,1,100,176
405,6/17/2013,2013,SJW,396,72,0,100,168
406,6/25/2014,2014,EVC,402,70,2,40,176
406,7/2/2013,2013,RRG,516,73,1,100,183
406,6/2/2012,2012,AEB,576,59,2,20,154
406,6/12/2014,2014,JDS,424,63,1,70,163
406,6/6/2011,2011,GDG,428,69,1,0,157
406,6/27/2014,2014,MAV,475,68,1,10,178
406,7/13/2014,2014,MAV,461,72,3,90,194
406,7/1/2012,2012,BSS,397,75,1,100,183
406,5/30/2013,2013,ROS,406,74,1,100,150
406,7/11/2011,2011,BSS,494,84,1,10,192
406,6/18/2012,2012,CPW,378,65,1,0,170
406,6/25/2011,2011,JJV,573,70,1,10,176
406,6/17/2013,2013,SJW,508,73,0,90,168
407,6/25/2014,2014,EVC,381,70,1,40,176
407,7/2/2013,2013,RRG,496,72,0,100,183
407,6/12/2014,2014,JDS,449,64,1,50,163
407,6/2/2012,2012,CLL,547,57,1,10,154
407,6/6/2011,2011,GDG,402,67,0,0,157
407,6/27/2014,2014,MAV,496,70,0,10,178
407,7/13/2014,2014,MAV,480,72,1,90,194
407,7/1/2012,2012,BSS,378,74,1,100,183
407,5/30/2013,2013,ROS,382,73,1,20,150
407,6/18/2012,2012,JDS,366,71,0,10,170
407,6/17/2013,2013,ROS,510,71,0,80,168
407,7/11/2011,2011,BSS,476,83,1,10,192
407,6/25/2011,2011,JJV,543,68,0,10,176
408,6/11/2014,2014,EVC,403,67,2,100,162
408,6/27/2014,2014,EVC,386,70,1,40,178
408,7/2/2013,2013,RRG,365,67,1,100,183
408,7/13/2014,2014,EVC,386,75,2,100,194
408,6/2/2012,2012,AEB,401,48,0,20,154
408,7/11/2011,2011,GDG,554,79,2,0,192
408,6/6/2011,2011,KBM,402,68,0,60,157
408,6/25/2014,2014,MAV,503,67,2,30,176
408,5/30/2013,2013,ROS,554,78,3,30,150
408,7/1/2012,2012,JDS,377,73,0,90,183
408,6/18/2012,2012,CPW,520,75,2,0,170
408,6/25/2011,2011,JJV,524,68,0,10,176
408,6/17/2013,2013,SJW,365,70,0,100,168
409,6/11/2014,2014,EVC,425,67,2,100,162
409,6/27/2014,2014,EVC,515,70,2,30,178
409,7/2/2013,2013,RRG,474,72,0,100,183
409,7/13/2014,2014,EVC,496,75,1,100,194
409,6/2/2012,2012,AEB,429,48,1,30,154
409,7/11/2011,2011,GDG,572,81,2,0,192
409,6/6/2011,2011,KBM,428,70,0,60,157
409,6/25/2014,2014,MAV,481,67,1,40,176
409,5/30/2013,2013,ROS,429,75,4,80,150
409,7/1/2012,2012,JDS,396,74,0,90,183
409,6/18/2012,2012,CPW,495,75,2,0,170
409,6/25/2011,2011,JJV,505,68,1,10,176
409,6/17/2013,2013,SJW,483,73,0,100,168
410,6/11/2014,2014,EVC,455,67,2,100,162
410,6/27/2014,2014,EVC,486,69,1,10,178
410,7/2/2013,2013,RRG,455,71,0,100,183
410,7/13/2014,2014,EVC,475,75,2,80,194
410,6/2/2012,2012,AEB,455,50,1,10,154
410,6/6/2011,2011,KBM,452,70,0,60,157
410,6/25/2014,2014,MAV,462,67,1,60,176
410,5/30/2013,2013,ROS,453,75,3,80,150
410,7/1/2012,2012,JDS,416,74,1,90,183
410,7/11/2011,2011,BSS,575,85,3,0,192
410,6/18/2012,2012,CPW,475,74,1,0,170
410,6/25/2011,2011,JJV,486,68,1,10,176
410,6/17/2013,2013,SJW,463,73,0,100,168
411,6/11/2014,2014,EVC,480,67,2,100,162
411,6/27/2014,2014,EVC,466,67,1,50,178
411,7/2/2013,2013,RRG,412,70,1,100,183
411,7/13/2014,2014,EVC,455,75,1,90,194
411,6/2/2012,2012,AEB,480,50,0,10,154
411,6/6/2011,2011,KBM,477,72,0,40,157
411,6/25/2014,2014,MAV,441,66,1,100,176
411,5/30/2013,2013,ROS,472,75,1,90,150
411,7/1/2012,2012,JDS,440,74,0,100,183
411,7/11/2011,2011,BSS,557,85,3,10,192
411,6/18/2012,2012,CPW,452,72,1,0,170
411,6/25/2011,2011,JJV,462,68,0,0,176
411,6/17/2013,2013,SJW,441,73,0,100,168
412,5/30/2013,2013,RRG,472,67,2,80,150
412,6/25/2014,2014,EVC,456,70,1,20,176
412,6/11/2014,2014,JDS,457,66,2,80,162
412,6/2/2012,2012,CLL,474,53,0,0,154
412,6/6/2011,2011,GDG,502,73,1,0,157
412,7/2/2013,2013,VMJ,494,64,0,100,183
412,6/27/2014,2014,MAV,424,67,0,20,178
412,7/13/2014,2014,MAV,419,71,3,100,194
412,6/17/2013,2013,ROS,386,69,0,100,168
412,6/18/2012,2012,JDS,428,72,0,10,170
412,7/11/2011,2011,BSS,422,78,1,20,192
412,6/25/2011,2011,AMT,608,70,2,10,176
412,7/1/2012,2012,MAV,428,70,0,50,183
416,6/9/2014,2014,EVC,509,67,2,100,160
416,6/18/2012,2012,AEB,460,78,1,0,170
416,5/31/2012,2012,CLL,476,57,0,10,152
416,6/28/2014,2014,JJV,421,73,0,100,179
416,7/15/2014,2014,JJV,435,59,0,10,196
416,7/7/2011,2011,GDG,488,71,0,10,188
416,6/4/2011,2011,KBM,466,74,0,40,155
416,6/18/2013,2013,CLL,407,70,1,100,169
416,6/26/2014,2014,MAV,430,65,0,30,177
416,6/2/2013,2013,ROS,514,70,1,10,153
416,6/21/2011,2011,BSS,485,76,2,10,172
416,6/30/2012,2012,JJV,447,78,1,0,182
416,7/7/2013,2013,SJW,531,75,1,100,188
417,6/26/2014,2014,EVC,484,68,1,60,177
417,6/9/2014,2014,JDS,412,64,2,100,160
417,6/18/2012,2012,AEB,408,73,1,10,170
417,6/28/2014,2014,JDS,397,72,1,100,179
417,7/15/2014,2014,JDS,409,59,1,30,196
417,5/31/2012,2012,CLL,521,60,2,40,152
417,7/7/2013,2013,VMJ,437,66,0,90,188
417,7/7/2011,2011,GDG,435,68,0,10,188
417,6/4/2011,2011,KBM,414,70,0,50,155
417,6/18/2013,2013,ROS,436,69,0,80,169
417,6/21/2011,2011,BSS,528,79,3,10,172
417,6/30/2012,2012,JJV,490,80,1,0,182
417,6/2/2013,2013,SJW,528,73,2,10,153
418,6/21/2014,2014,EVC,480,70,1,20,172
418,7/1/2013,2013,RRG,461,74,0,80,182
418,7/9/2014,2014,EVC,458,65,1,20,190
418,6/2/2014,2014,JDS,434,71,3,70,153
418,6/20/2014,2014,JJV,563,78,0,90,171
418,6/14/2012,2012,JDS,491,61,1,10,166
418,6/22/2011,2011,BSS,404,76,2,50,173
418,5/30/2012,2012,JJV,408,58,0,10,151
418,7/10/2011,2011,AMT,525,72,1,0,191
418,5/29/2013,2013,JJV,411,67,1,70,149
418,6/3/2011,2011,JJV,528,73,0,30,154
418,6/29/2012,2012,CPW,456,75,0,0,181
418,6/16/2013,2013,SJW,573,75,0,100,167
594,6/18/2012,2012,CAB,532,70,2,0,170
594,7/12/2011,2011,CAB,552,82,0,0,193
594,5/30/2013,2013,LMG,392,71,1,40,150
594,6/6/2011,2011,SLD,504,68,0,0,157
594,6/24/2014,2014,JDS,507,71,3,90,175
594,7/9/2014,2014,JDS,493,69,1,10,190
594,6/5/2014,2014,MAV,408,60,0,60,156
594,6/22/2014,2014,MAV,519,70,0,20,173
594,7/2/2013,2013,CLL,385,70,1,100,183
594,6/29/2012,2012,BSS,437,85,0,10,181
594,6/17/2011,2011,CLS,449,72,1,50,168
594,6/2/2012,2012,MAV,400,60,1,0,154
594,6/18/2013,2013,RRU,474,70,0,30,169
595,6/17/2011,2011,CAB,426,67,0,50,168
595,6/18/2012,2012,CAB,576,72,2,0,170
595,5/30/2013,2013,LMG,371,70,1,40,150
595,6/24/2014,2014,JDS,384,70,2,80,175
595,7/9/2014,2014,JDS,386,67,1,20,190
595,7/12/2011,2011,SLD,497,90,0,0,193
595,6/5/2014,2014,MAV,432,60,2,30,156
595,6/22/2014,2014,MAV,481,70,3,30,173
595,7/2/2013,2013,CLL,431,71,1,70,183
595,6/29/2012,2012,BSS,454,85,1,10,181
595,6/6/2011,2011,CLS,494,77,1,30,157
595,6/2/2012,2012,MAV,378,55,0,0,154
595,6/18/2013,2013,RRU,477,72,0,20,169
596,6/18/2012,2012,CAB,473,70,1,0,170
596,7/12/2011,2011,CAB,404,82,0,100,193
596,5/30/2013,2013,LMG,465,71,1,50,150
596,6/6/2011,2011,SLD,523,70,0,0,157
596,6/24/2014,2014,JDS,427,70,2,90,175
596,7/9/2014,2014,JDS,430,67,1,10,190
596,6/5/2014,2014,MAV,473,61,3,10,156
596,6/22/2014,2014,MAV,444,68,0,30,173
596,7/2/2013,2013,CLL,485,71,0,100,183
596,6/29/2012,2012,BSS,372,84,0,10,181
596,6/17/2011,2011,CLS,414,70,1,10,168
596,6/2/2012,2012,MAV,476,64,0,0,154
596,6/18/2013,2013,RRU,377,68,0,100,169
597,6/18/2012,2012,CAB,507,70,2,0,170
597,7/12/2011,2011,CAB,438,82,0,100,193
597,5/30/2013,2013,LMG,439,71,2,40,150
597,6/6/2011,2011,SLD,382,65,0,20,157
597,6/24/2014,2014,JDS,451,70,2,90,175
597,7/9/2014,2014,JDS,454,67,1,10,190
597,6/5/2014,2014,MAV,495,62,3,10,156
597,6/22/2014,2014,MAV,404,67,0,60,173
597,7/2/2013,2013,CLL,515,72,1,90,183
597,6/29/2012,2012,BSS,395,85,1,10,181
597,6/17/2011,2011,CLS,583,72,3,20,168
597,6/2/2012,2012,MAV,452,62,0,0,154
597,6/18/2013,2013,RRU,407,70,0,90,169
598,6/18/2012,2012,CAB,532,70,2,0,170
598,7/12/2011,2011,CAB,463,82,0,100,193
598,5/30/2013,2013,LMG,410,71,2,40,150
598,6/6/2011,2011,SLD,406,69,0,0,157
598,6/24/2014,2014,JDS,492,70,2,90,175
598,7/9/2014,2014,JDS,477,67,1,10,190
598,6/5/2014,2014,MAV,389,60,0,60,156
598,6/22/2014,2014,MAV,535,70,2,20,173
598,7/2/2013,2013,CLL,563,72,2,90,183
598,6/29/2012,2012,BSS,420,85,0,10,181
598,6/17/2011,2011,CLS,560,70,3,30,168
598,6/2/2012,2012,MAV,440,61,0,0,154
598,6/18/2013,2013,RRU,434,70,0,70,169
599,6/17/2011,2011,CAB,400,67,0,50,168
599,6/18/2012,2012,CAB,443,70,1,0,170
599,5/30/2013,2013,LMG,493,71,2,30,150
599,6/24/2014,2014,JDS,402,70,3,70,175
599,7/9/2014,2014,JDS,403,67,1,10,190
599,7/12/2011,2011,SLD,517,92,0,0,193
599,6/5/2014,2014,MAV,450,61,3,20,156
599,6/22/2014,2014,MAV,464,68,3,30,173
599,6/2/2013,2013,CLL,454,71,2,100,153
599,6/29/2012,2012,BSS,349,83,0,10,181
599,6/6/2011,2011,CLS,515,78,1,30,157
599,6/2/2012,2012,MAV,498,64,2,40,154
599,6/18/2013,2013,RRU,346,67,1,100,169
600,6/13/2011,2011,CAB,557,64,0,75,164
600,7/2/2012,2012,CAB,558,76,0,0,184
600,5/30/2011,2011,SLD,400,70,0,0,150
600,7/1/2013,2013,LMG,429,71,0,90,182
600,6/17/2014,2014,JJV,540,73,2,20,168
600,6/2/2014,2014,MAV,387,72,2,100,153
600,5/31/2012,2012,BSS,379,58,1,0,152
600,6/19/2014,2014,MAV,513,72,2,30,170
600,7/4/2014,2014,MAV,516,51,2,0,185
600,5/30/2013,2013,JDS,398,67,1,10,150
600,7/6/2011,2011,CLS,413,75,0,10,187
600,6/17/2013,2013,RRU,531,73,0,0,168
600,6/16/2012,2012,MAV,513,65,1,0,168
601,6/13/2011,2011,CAB,418,63,0,25,164
601,7/2/2012,2012,CAB,538,74,0,0,184
601,5/30/2011,2011,SLD,530,72,0,0,150
601,7/1/2013,2013,LMG,411,70,1,100,182
601,6/17/2014,2014,JJV,518,72,0,10,168
601,6/2/2014,2014,MAV,405,72,2,100,153
601,5/31/2012,2012,BSS,397,59,0,0,152
601,6/19/2014,2014,MAV,531,72,2,20,170
601,7/4/2014,2014,MAV,539,51,2,0,185
601,5/30/2013,2013,JDS,414,69,1,10,150
601,7/6/2011,2011,CLS,546,80,1,10,187
601,6/17/2013,2013,RRU,512,72,0,30,168
601,6/16/2012,2012,MAV,495,64,1,0,168
602,5/30/2011,2011,CAB,510,75,0,0,150
602,7/2/2012,2012,CAB,519,72,0,0,184
602,7/1/2013,2013,LMG,391,69,1,100,182
602,7/6/2011,2011,SLD,530,77,0,0,187
602,6/17/2014,2014,JJV,500,71,0,10,168
602,6/2/2014,2014,MAV,424,72,2,100,153
602,5/31/2012,2012,BSS,413,59,1,0,152
602,6/19/2014,2014,MAV,548,73,3,20,170
602,7/4/2014,2014,MAV,557,52,2,0,185
602,5/30/2013,2013,JDS,430,69,2,10,150
602,6/13/2011,2011,CLS,408,70,1,50,164
602,6/17/2013,2013,RRU,490,72,0,30,168
602,6/16/2012,2012,MAV,475,63,1,0,168
603,5/30/2011,2011,CAB,502,74,0,0,150
603,7/2/2012,2012,CAB,481,70,1,0,184
603,7/1/2013,2013,LMG,479,73,1,100,182
603,7/6/2011,2011,SLD,512,70,0,0,187
603,6/17/2014,2014,JJV,444,69,0,20,168
603,6/2/2014,2014,MAV,484,73,3,100,153
603,5/31/2012,2012,BSS,508,64,2,0,152
603,6/19/2014,2014,MAV,439,71,0,40,170
603,7/4/2014,2014,MAV,440,50,0,0,185
603,5/30/2013,2013,JDS,520,71,3,10,150
603,6/13/2011,2011,CLS,428,70,2,50,164
603,6/17/2013,2013,RRU,394,67,0,100,168
603,6/16/2012,2012,MAV,381,60,1,0,168
604,6/13/2011,2011,CAB,439,63,0,25,164
604,7/2/2012,2012,CAB,392,67,0,20,184
604,5/30/2011,2011,SLD,510,72,0,0,150
604,7/1/2013,2013,LMG,461,71,1,100,182
604,6/17/2014,2014,JJV,424,69,0,40,168
604,6/2/2014,2014,MAV,505,73,3,100,153
604,5/31/2012,2012,BSS,526,64,1,0,152
604,6/19/2014,2014,MAV,460,71,0,40,170
604,7/4/2014,2014,MAV,459,50,1,0,185
604,5/30/2013,2013,JDS,540,72,3,10,150
604,7/6/2011,2011,CLS,528,75,1,10,187
604,6/17/2013,2013,RRU,374,66,0,100,168
604,6/16/2012,2012,MAV,361,59,0,0,168
605,6/13/2011,2011,CAB,538,64,0,75,164
605,7/2/2012,2012,CAB,365,66,0,20,184
605,5/30/2011,2011,SLD,420,70,0,0,150
605,7/1/2013,2013,LMG,446,72,0,90,182
605,6/17/2014,2014,JJV,407,69,1,40,168
605,6/2/2014,2014,MAV,526,73,3,100,153
605,5/31/2012,2012,BSS,359,57,1,10,152
605,6/19/2014,2014,MAV,496,72,2,30,170
605,7/4/2014,2014,MAV,496,50,0,0,185
605,5/30/2013,2013,JDS,380,67,1,20,150
605,7/6/2011,2011,CLS,436,72,1,10,187
605,6/17/2013,2013,RRU,548,75,0,0,168
605,6/16/2012,2012,MAV,532,65,1,0,168
606,5/31/2012,2012,CAB,362,56,0,0,152
606,6/13/2011,2011,CAB,521,64,0,75,164
606,5/30/2011,2011,SLD,440,70,0,0,150
606,7/2/2012,2012,AEB,368,68,1,60,184
606,6/17/2014,2014,JJV,389,69,1,40,168
606,6/2/2014,2014,MAV,566,73,3,100,153
606,5/30/2013,2013,CLL,381,71,0,20,150
606,6/19/2014,2014,MAV,481,71,0,40,170
606,6/16/2012,2012,BSS,502,72,1,0,168
606,7/4/2014,2014,MAV,478,50,1,0,185
606,6/17/2013,2013,JDS,514,68,0,10,168
606,7/6/2011,2011,CLS,454,75,1,10,187
606,7/1/2013,2013,RRU,444,67,2,100,182
607,5/31/2012,2012,CAB,528,60,2,0,152
607,6/13/2011,2011,CAB,462,63,0,25,164
607,5/30/2011,2011,SLD,486,70,0,0,150
607,7/2/2012,2012,AEB,538,73,1,10,184
607,6/19/2014,2014,JJV,454,73,0,40,170
607,7/4/2014,2014,JJV,453,54,1,0,185
607,6/3/2014,2014,MAV,405,69,3,100,154
607,5/30/2013,2013,CLL,400,71,0,20,150
607,6/17/2014,2014,MAV,562,73,3,10,168
607,6/16/2012,2012,BSS,359,69,1,0,168
607,6/17/2013,2013,JDS,494,67,0,10,168
607,7/6/2011,2011,CLS,511,75,1,10,187
607,7/1/2013,2013,RRU,464,68,2,100,182
608,5/30/2011,2011,CAB,480,73,0,0,150
608,7/2/2012,2012,CAB,416,68,0,20,184
608,7/1/2013,2013,LMG,496,74,1,80,182
608,7/6/2011,2011,SLD,492,70,1,20,187
608,6/19/2014,2014,JJV,474,73,0,30,170
608,7/4/2014,2014,JJV,469,54,0,0,185
608,6/3/2014,2014,MAV,423,70,3,100,154
608,5/31/2012,2012,BSS,492,63,1,0,152
608,6/17/2014,2014,MAV,544,70,3,20,168
608,5/30/2013,2013,JDS,501,71,2,0,150
608,6/13/2011,2011,CLS,452,70,1,50,164
608,6/17/2013,2013,RRU,415,67,0,100,168
608,6/16/2012,2012,MAV,402,60,1,0,168
609,5/30/2011,2011,CAB,460,73,0,0,150
609,5/31/2012,2012,CAB,490,58,2,0,152
609,7/2/2012,2012,AEB,493,69,0,10,184
609,7/6/2011,2011,SLD,475,68,1,20,187
609,6/19/2014,2014,JJV,434,73,0,40,170
609,7/4/2014,2014,JJV,433,54,0,0,185
609,5/30/2013,2013,CLL,436,72,1,10,150
609,6/3/2014,2014,MAV,480,71,3,100,154
609,6/17/2014,2014,MAV,483,68,2,10,168
609,6/16/2012,2012,BSS,402,70,0,0,168
609,6/13/2011,2011,CLS,477,70,1,80,164
609,6/17/2013,2013,JDS,457,66,0,30,168
609,7/1/2013,2013,RRU,501,70,2,100,182
610,5/31/2012,2012,CAB,509,58,2,0,152
610,6/13/2011,2011,CAB,486,63,0,50,164
610,5/30/2011,2011,SLD,470,70,0,0,150
610,7/2/2012,2012,AEB,518,71,0,10,184
610,6/19/2014,2014,JJV,411,73,0,90,170
610,7/4/2014,2014,JJV,416,54,0,20,185
610,5/30/2013,2013,CLL,417,72,0,10,150
610,6/3/2014,2014,MAV,495,71,3,100,154
610,6/17/2014,2014,MAV,465,68,0,30,168
610,6/16/2012,2012,BSS,379,70,1,0,168
610,6/17/2013,2013,JDS,475,67,0,20,168
610,7/6/2011,2011,CLS,491,75,1,10,187
610,7/1/2013,2013,RRU,485,70,1,100,182
611,5/31/2012,2012,CAB,383,56,0,0,152
611,6/13/2011,2011,CAB,505,63,0,60,164
611,5/30/2011,2011,SLD,452,70,0,0,150
611,7/2/2012,2012,AEB,388,68,1,50,184
611,6/19/2014,2014,JJV,392,73,0,90,170
611,7/4/2014,2014,JJV,399,57,1,30,185
611,6/3/2014,2014,MAV,514,72,3,100,154
611,5/30/2013,2013,CLL,528,74,3,0,150
611,6/17/2014,2014,MAV,448,68,1,40,168
611,6/16/2012,2012,BSS,488,72,2,0,168
611,6/17/2013,2013,JDS,367,64,0,70,168
611,7/6/2011,2011,CLS,472,75,1,10,187
611,7/1/2013,2013,RRU,427,68,2,100,182
612,5/30/2011,2011,CAB,395,70,0,0,150
612,5/31/2012,2012,CAB,402,56,0,0,152
612,7/2/2012,2012,AEB,409,68,0,30,184
612,7/6/2011,2011,SLD,417,65,1,60,187
612,6/19/2014,2014,JJV,591,77,0,40,170
612,7/4/2014,2014,JJV,557,60,0,0,185
612,6/3/2014,2014,MAV,532,72,3,100,154
612,5/30/2013,2013,CLL,514,73,2,0,150
612,6/17/2014,2014,MAV,433,67,0,50,168
612,6/16/2012,2012,BSS,473,70,1,0,168
612,6/13/2011,2011,CLS,530,70,2,70,164
612,6/17/2013,2013,JDS,383,64,0,70,168
612,7/1/2013,2013,RRU,412,67,2,100,182
613,5/30/2011,2011,CAB,420,70,0,0,150
613,5/31/2012,2012,CAB,420,57,0,0,152
613,7/2/2012,2012,AEB,428,68,0,30,184
613,7/6/2011,2011,SLD,433,65,1,60,187
613,6/19/2014,2014,JJV,568,77,0,30,170
613,7/4/2014,2014,JJV,540,59,0,0,185
613,5/30/2013,2013,CLL,496,73,1,0,150
613,6/3/2014,2014,MAV,550,72,3,100,154
613,6/17/2014,2014,MAV,417,67,0,50,168
613,6/16/2012,2012,BSS,451,71,1,0,168
613,6/13/2011,2011,CLS,513,70,1,50,164
613,6/17/2013,2013,JDS,401,65,0,70,168
613,7/1/2013,2013,RRU,394,66,2,100,182
614,5/30/2011,2011,CAB,420,72,0,0,150
614,5/31/2012,2012,CAB,445,57,1,0,152
614,7/2/2012,2012,AEB,447,68,0,10,184
614,7/6/2011,2011,SLD,455,68,0,20,187
614,6/19/2014,2014,JJV,552,76,0,20,170
614,7/4/2014,2014,JJV,523,58,0,0,185
614,5/30/2013,2013,CLL,476,73,2,0,150
614,6/3/2014,2014,MAV,570,72,3,90,154
614,6/17/2014,2014,MAV,400,67,2,50,168
614,6/16/2012,2012,BSS,435,71,1,0,168
614,6/13/2011,2011,CLS,492,70,1,50,164
614,6/17/2013,2013,JDS,420,65,0,30,168
614,7/1/2013,2013,RRU,556,71,2,100,182
615,5/30/2012,2012,CAB,471,72,0,0,151
615,7/5/2011,2011,CAB,555,76,0,0,186
615,6/29/2012,2012,CAB,423,78,0,5,181
615,6/7/2011,2011,SLD,527,77,0,0,158
615,6/20/2014,2014,JDS,421,69,1,90,171
615,6/9/2014,2014,MAV,445,60,0,100,160
615,6/21/2014,2014,MAV,510,70,1,80,172
615,6/29/2013,2013,CLL,507,70,2,50,180
615,7/7/2014,2014,MAV,506,69,3,30,188
615,5/29/2013,2013,JDS,487,74,2,40,149
615,6/14/2011,2011,CLS,428,70,1,70,165
615,6/15/2013,2013,RRU,385,65,0,50,166
615,6/14/2012,2012,MAV,490,65,1,0,166
616,5/30/2012,2012,CAB,449,72,0,0,151
616,6/7/2011,2011,CAB,492,74,0,0,158
616,6/29/2012,2012,CAB,398,76,0,5,181
616,6/15/2013,2013,LMG,390,63,0,100,166
616,6/20/2014,2014,JDS,437,70,1,90,171
616,6/14/2011,2011,SLD,430,59,1,20,165
616,6/9/2014,2014,MAV,422,60,0,100,160
616,6/21/2014,2014,MAV,532,70,2,90,172
616,7/7/2014,2014,MAV,526,69,3,30,188
616,6/29/2013,2013,JDS,424,66,1,10,180
616,7/5/2011,2011,CLS,493,70,0,0,186
616,5/29/2013,2013,RRU,463,70,2,40,149
616,6/14/2012,2012,MAV,464,65,0,0,166
617,5/30/2012,2012,CAB,416,65,0,10,151
617,6/7/2011,2011,CAB,509,74,0,0,158
617,6/29/2012,2012,CAB,373,76,0,5,181
617,6/15/2013,2013,LMG,366,62,0,100,166
617,6/14/2011,2011,SLD,410,59,1,30,165
617,6/20/2014,2014,JDS,453,70,1,90,171
617,6/9/2014,2014,MAV,396,60,0,100,160
617,6/21/2014,2014,MAV,552,70,1,70,172
617,7/7/2014,2014,MAV,546,69,3,30,188
617,6/29/2013,2013,JDS,406,65,2,10,180
617,7/5/2011,2011,CLS,517,72,1,0,186
617,5/29/2013,2013,RRU,488,71,2,80,149
617,6/14/2012,2012,MAV,442,62,1,0,166
618,6/7/2011,2011,CAB,444,72,1,25,158
618,6/29/2012,2012,CAB,496,78,0,0,181
618,6/15/2013,2013,LMG,428,65,0,100,166
618,6/14/2011,2011,SLD,470,61,1,20,165
618,6/20/2014,2014,JDS,505,72,2,80,171
618,5/30/2012,2012,BSS,386,68,1,10,151
618,6/9/2014,2014,MAV,518,61,0,90,160
618,6/21/2014,2014,MAV,440,69,2,100,172
618,7/7/2014,2014,MAV,444,68,2,30,188
618,6/29/2013,2013,JDS,465,67,1,10,180
618,7/5/2011,2011,CLS,449,67,0,0,186
618,5/29/2013,2013,RRU,417,72,1,40,149
618,6/14/2012,2012,MAV,422,60,1,0,166
619,6/7/2011,2011,CAB,469,74,1,25,158
619,6/29/2012,2012,CAB,479,78,0,0,181
619,6/15/2013,2013,LMG,409,65,0,100,166
619,6/14/2011,2011,SLD,450,61,0,20,165
619,6/20/2014,2014,JDS,521,72,1,80,171
619,5/30/2012,2012,BSS,407,69,1,0,151
619,6/9/2014,2014,MAV,501,61,0,90,160
619,6/21/2014,2014,MAV,459,69,2,100,172
619,7/7/2014,2014,MAV,463,68,2,40,188
619,6/29/2013,2013,JDS,447,66,1,10,180
619,7/5/2011,2011,CLS,471,70,0,0,186
619,5/29/2013,2013,RRU,440,71,2,40,149
619,6/14/2012,2012,MAV,577,70,1,0,166
620,7/5/2011,2011,CAB,519,76,0,0,186
620,6/29/2012,2012,CAB,453,78,0,5,181
620,6/7/2011,2011,SLD,503,75,0,0,158
620,6/20/2014,2014,JDS,403,69,1,70,171
620,5/30/2012,2012,BSS,431,70,1,0,151
620,6/9/2014,2014,MAV,474,61,1,90,160
620,6/21/2014,2014,MAV,482,69,0,100,172
620,6/29/2013,2013,CLL,482,69,1,40,180
620,7/7/2014,2014,MAV,482,69,2,40,188
620,5/29/2013,2013,JDS,463,73,2,40,149
620,6/14/2011,2011,CLS,461,70,1,70,165
620,6/15/2013,2013,RRU,408,66,0,50,166
620,6/14/2012,2012,MAV,523,67,1,0,166
621,7/5/2011,2011,CAB,492,76,0,0,186
621,6/30/2012,2012,CAB,469,70,1,0,182
621,6/7/2011,2011,SLD,488,75,0,0,158
621,6/21/2014,2014,JDS,508,72,1,100,172
621,7/7/2014,2014,JDS,511,69,3,70,188
621,5/30/2012,2012,BSS,452,70,1,0,151
621,6/11/2014,2014,MAV,443,67,2,100,162
621,6/20/2014,2014,MAV,434,71,0,40,171
621,6/29/2013,2013,CLL,464,69,1,30,180
621,5/29/2013,2013,JDS,445,73,2,50,149
621,6/14/2011,2011,CLS,481,72,1,50,165
621,6/15/2013,2013,RRU,428,68,0,100,166
621,6/14/2012,2012,MAV,548,66,2,0,166
622,7/5/2011,2011,CAB,471,76,0,50,186
622,6/30/2012,2012,CAB,448,68,1,20,182
622,6/7/2011,2011,SLD,468,75,1,0,158
622,6/21/2014,2014,JDS,478,73,1,90,172
622,7/7/2014,2014,JDS,493,69,3,70,188
622,6/11/2014,2014,MAV,423,67,2,100,162
622,6/20/2014,2014,MAV,417,71,0,50,171
622,6/19/2012,2012,BSS,369,71,0,0,171
622,6/29/2013,2013,CLL,445,69,0,10,180
622,5/29/2013,2013,JDS,429,72,2,70,149
622,6/14/2011,2011,CLS,504,72,1,80,165
622,5/30/2012,2012,MAV,443,64,1,0,151
622,6/15/2013,2013,RRU,447,66,0,100,166
623,7/5/2011,2011,CAB,447,72,0,50,186
623,6/30/2012,2012,CAB,428,68,1,60,182
623,6/7/2011,2011,SLD,447,75,1,0,158
623,6/21/2014,2014,JDS,456,73,1,90,172
623,7/7/2014,2014,JDS,475,68,2,70,188
623,6/11/2014,2014,MAV,404,66,2,90,162
623,6/20/2014,2014,MAV,398,70,0,50,171
623,6/29/2013,2013,CLL,422,68,1,10,180
623,6/19/2012,2012,BSS,388,72,1,0,171
623,5/29/2013,2013,JDS,412,72,2,50,149
623,6/14/2011,2011,CLS,524,72,1,80,165
623,5/30/2012,2012,MAV,423,64,0,0,151
623,6/15/2013,2013,RRU,469,67,0,100,166
624,5/30/2012,2012,CAB,363,62,0,10,151
624,6/7/2011,2011,CAB,389,72,0,25,158
624,6/30/2012,2012,CAB,343,68,0,70,182
624,6/15/2013,2013,LMG,485,65,0,90,166
624,6/21/2014,2014,JDS,385,72,1,70,172
624,6/14/2011,2011,SLD,534,64,1,20,165
624,7/7/2014,2014,JDS,398,66,2,20,188
624,6/9/2014,2014,MAV,570,65,0,100,160
624,6/20/2014,2014,MAV,503,71,2,20,171
624,6/29/2013,2013,JDS,350,64,0,10,180
624,7/5/2011,2011,CLS,388,67,0,10,186
624,5/29/2013,2013,RRU,354,70,0,80,149
624,6/14/2012,2012,MAV,356,57,0,0,166
625,5/30/2012,2012,CAB,383,64,0,10,151
625,6/7/2011,2011,CAB,408,72,0,25,158
625,6/29/2012,2012,CAB,534,78,0,0,181
625,6/15/2013,2013,LMG,467,65,0,90,166
625,6/20/2014,2014,JDS,473,71,2,70,171
625,6/14/2011,2011,SLD,512,62,1,50,165
625,6/9/2014,2014,MAV,552,61,0,100,160
625,6/21/2014,2014,MAV,400,69,2,100,172
625,7/7/2014,2014,MAV,400,67,3,20,188
625,6/29/2013,2013,JDS,369,64,0,10,180
625,7/5/2011,2011,CLS,409,67,0,10,186
625,5/29/2013,2013,RRU,374,70,2,50,149
625,6/14/2012,2012,MAV,380,58,0,0,166
626,6/7/2011,2011,CAB,431,72,0,25,158
626,6/29/2012,2012,CAB,517,78,0,0,181
626,6/15/2013,2013,LMG,445,65,0,90,166
626,6/20/2014,2014,JDS,490,71,2,90,171
626,6/14/2011,2011,SLD,494,62,1,0,165
626,5/30/2012,2012,BSS,368,68,1,0,151
626,6/9/2014,2014,MAV,536,61,2,100,160
626,6/21/2014,2014,MAV,414,69,2,100,172
626,7/7/2014,2014,MAV,424,68,3,30,188
626,6/29/2013,2013,JDS,386,65,1,10,180
626,7/5/2011,2011,CLS,429,67,0,0,186
626,5/29/2013,2013,RRU,385,70,1,60,149
626,6/14/2012,2012,MAV,401,60,0,0,166
627,7/5/2011,2011,CAB,426,72,0,50,186
627,6/30/2012,2012,CAB,407,70,2,80,182
627,6/7/2011,2011,SLD,428,73,0,0,158
627,6/21/2014,2014,JDS,438,72,1,90,172
627,7/7/2014,2014,JDS,457,68,1,60,188
627,6/11/2014,2014,MAV,384,66,3,100,162
627,6/20/2014,2014,MAV,465,71,2,20,171
627,6/19/2012,2012,BSS,406,73,1,0,171
627,6/29/2013,2013,CLL,403,68,1,10,180
627,5/29/2013,2013,JDS,397,71,2,50,149
627,6/14/2011,2011,CLS,543,72,1,80,165
627,5/30/2012,2012,MAV,405,64,0,0,151
627,6/15/2013,2013,RRU,490,69,0,60,166
628,7/5/2011,2011,CAB,408,72,0,70,186
628,6/30/2012,2012,CAB,390,68,2,80,182
628,6/7/2011,2011,SLD,408,72,0,0,158
628,6/21/2014,2014,JDS,421,72,1,90,172
628,7/7/2014,2014,JDS,440,68,2,40,188
628,6/9/2014,2014,MAV,615,65,2,100,160
628,6/20/2014,2014,MAV,483,71,2,20,171
628,6/19/2012,2012,BSS,422,73,1,0,171
628,6/29/2013,2013,CLL,384,68,0,10,180
628,5/29/2013,2013,JDS,381,71,1,50,149
628,6/14/2011,2011,CLS,562,75,1,70,165
628,5/30/2012,2012,MAV,389,64,0,0,151
628,6/15/2013,2013,RRU,506,66,0,0,166
629,6/2/2011,2011,CAB,420,64,0,50,153
629,6/14/2012,2012,CAB,382,54,1,0,166
629,6/29/2013,2013,LMG,519,71,0,10,180
629,6/30/2011,2011,SLD,499,70,0,0,181
629,7/3/2012,2012,AEB,490,75,0,30,185
629,6/18/2014,2014,JJV,460,70,0,10,169
629,7/1/2014,2014,JJV,466,74,3,0,182
629,5/29/2013,2013,CLL,408,71,1,40,149
629,5/30/2012,2012,BSS,556,74,1,0,151
629,6/6/2014,2014,MAV,437,55,1,10,157
629,6/16/2014,2014,MAV,387,65,0,100,167
629,6/15/2013,2013,JDS,460,65,0,30,166
629,6/20/2011,2011,CLS,456,70,1,100,171
630,6/2/2011,2011,CAB,402,62,0,0,153
630,6/14/2012,2012,CAB,369,52,1,0,166
630,6/29/2013,2013,LMG,538,72,0,30,180
630,6/30/2011,2011,SLD,525,70,0,0,181
630,7/3/2012,2012,AEB,512,77,0,10,185
630,6/18/2014,2014,JJV,479,70,0,10,169
630,7/1/2014,2014,JJV,485,75,3,0,182
630,5/29/2013,2013,CLL,388,71,1,30,149
630,5/30/2012,2012,BSS,578,75,1,0,151
630,6/6/2014,2014,MAV,415,55,0,10,157
630,6/16/2014,2014,MAV,518,69,3,40,167
630,6/15/2013,2013,JDS,480,66,0,10,166
630,6/20/2011,2011,CLS,443,70,2,100,171
631,6/2/2011,2011,CAB,386,62,0,0,153
631,6/14/2012,2012,CAB,345,50,0,0,166
631,6/29/2013,2013,LMG,556,72,0,40,180
631,6/30/2011,2011,SLD,547,70,0,0,181
631,7/3/2012,2012,AEB,536,78,1,10,185
631,6/18/2014,2014,JJV,497,74,0,20,169
631,7/1/2014,2014,JJV,503,77,3,30,182
631,5/29/2013,2013,CLL,370,71,1,50,149
631,5/30/2012,2012,BSS,594,76,1,0,151
631,6/6/2014,2014,MAV,392,55,1,20,157
631,6/16/2014,2014,MAV,500,67,0,40,167
631,6/15/2013,2013,JDS,499,66,2,20,166
631,6/20/2011,2011,CLS,423,70,1,100,171
632,6/2/2011,2011,CAB,438,64,0,50,153
632,6/14/2012,2012,CAB,405,56,1,0,166
632,6/29/2013,2013,LMG,504,71,1,10,180
632,6/30/2011,2011,SLD,479,70,1,0,181
632,7/3/2012,2012,AEB,471,74,0,10,185
632,6/18/2014,2014,JJV,440,70,0,10,169
632,7/1/2014,2014,JJV,446,72,2,0,182
632,5/29/2013,2013,CLL,428,72,1,60,149
632,6/6/2014,2014,MAV,455,55,2,0,157
632,6/16/2014,2014,MAV,408,65,0,70,167
632,6/15/2013,2013,JDS,443,64,0,30,166
632,6/19/2011,2011,CLS,487,68,1,100,170
632,5/31/2012,2012,MAV,350,60,0,0,152
633,6/2/2011,2011,CAB,464,65,0,50,153
633,7/3/2012,2012,CAB,393,74,0,0,185
633,6/29/2013,2013,LMG,487,72,0,20,180
633,6/30/2011,2011,SLD,442,68,1,0,181
633,6/18/2014,2014,JJV,422,70,0,10,169
633,7/1/2014,2014,JJV,427,73,2,20,182
633,5/29/2013,2013,CLL,467,73,2,40,149
633,6/6/2014,2014,MAV,479,55,2,0,157
633,6/16/2014,2014,MAV,427,65,1,60,167
633,6/14/2012,2012,BSS,460,60,2,0,166
633,6/15/2013,2013,JDS,396,63,0,30,166
633,6/19/2011,2011,CLS,467,68,1,100,170
633,5/31/2012,2012,MAV,376,62,0,0,152
634,6/2/2011,2011,CAB,480,68,1,50,153
634,7/3/2012,2012,CAB,371,73,0,0,185
634,6/29/2013,2013,LMG,470,71,0,40,180
634,6/30/2011,2011,SLD,423,68,1,0,181
634,6/18/2014,2014,JJV,405,70,0,10,169
634,7/1/2014,2014,JJV,409,73,1,20,182
634,5/29/2013,2013,CLL,484,73,2,50,149
634,6/6/2014,2014,MAV,496,57,1,0,157
634,6/16/2014,2014,MAV,443,65,0,60,167
634,6/14/2012,2012,BSS,476,61,1,0,166
634,6/15/2013,2013,JDS,379,63,0,30,166
634,6/19/2011,2011,CLS,442,68,1,100,170
634,5/31/2012,2012,MAV,394,63,0,0,152
635,6/2/2011,2011,CAB,510,70,1,75,153
635,7/3/2012,2012,CAB,508,76,0,0,185
635,6/29/2013,2013,LMG,407,70,0,100,180
635,6/30/2011,2011,SLD,402,67,1,0,181
635,6/18/2014,2014,JJV,386,70,0,20,169
635,7/1/2014,2014,JJV,390,73,1,30,182
635,5/29/2013,2013,CLL,521,73,2,50,149
635,6/6/2014,2014,MAV,519,63,1,0,157
635,6/16/2014,2014,MAV,461,66,1,60,167
635,6/14/2012,2012,BSS,365,59,1,0,166
635,6/15/2013,2013,JDS,344,62,0,40,166
635,6/19/2011,2011,CLS,421,68,1,100,170
635,5/30/2012,2012,MAV,596,67,0,0,151
636,6/30/2011,2011,CAB,401,62,0,25,181
636,7/3/2012,2012,CAB,411,75,0,0,185
636,6/29/2013,2013,LMG,386,70,1,100,180
636,6/20/2011,2011,SLD,425,75,1,100,171
636,6/16/2014,2014,JJV,505,73,1,20,167
636,5/29/2013,2013,CLL,500,73,2,50,149
636,6/6/2014,2014,MAV,536,63,2,0,157
636,6/18/2014,2014,MAV,456,71,0,10,169
636,6/14/2012,2012,BSS,439,60,1,0,166
636,7/1/2014,2014,MAV,467,66,3,10,182
636,6/2/2011,2011,CLS,438,75,1,20,153
636,6/15/2013,2013,JDS,361,62,0,40,166
636,5/30/2012,2012,MAV,576,67,1,0,151
637,6/14/2012,2012,CAB,429,60,1,0,166
637,6/30/2011,2011,CAB,416,62,0,25,181
637,6/29/2013,2013,LMG,370,70,0,100,180
637,6/19/2011,2011,SLD,499,68,1,100,170
637,7/3/2012,2012,AEB,438,74,1,30,185
637,6/16/2014,2014,JJV,384,67,0,60,167
637,5/29/2013,2013,CLL,449,72,1,60,149
637,6/6/2014,2014,MAV,555,65,3,0,157
637,6/18/2014,2014,MAV,437,71,1,0,169
637,7/1/2014,2014,MAV,450,66,3,10,182
637,6/2/2011,2011,CLS,461,75,1,30,153
637,6/15/2013,2013,JDS,420,64,0,30,166
637,5/30/2012,2012,MAV,560,67,1,0,151
638,6/14/2012,2012,CAB,447,60,1,0,166
638,6/30/2011,2011,CAB,432,64,0,25,181
638,6/18/2013,2013,LMG,415,66,1,100,169
638,6/19/2011,2011,SLD,482,68,1,100,170
638,7/3/2012,2012,AEB,416,73,1,60,185
638,6/16/2014,2014,JJV,398,69,0,50,167
638,6/6/2014,2014,MAV,580,65,3,0,157
638,6/18/2014,2014,MAV,420,71,1,20,169
638,7/1/2014,2014,MAV,429,65,3,10,182
638,5/31/2013,2013,JDS,502,73,4,100,151
638,6/2/2011,2011,CLS,483,75,1,30,153
638,5/31/2012,2012,MAV,419,65,0,0,152
638,7/9/2013,2013,RRU,479,76,1,100,190
639,6/30/2011,2011,CAB,489,68,0,0,181
639,7/3/2012,2012,CAB,436,76,0,0,185
639,6/18/2013,2013,LMG,434,67,0,100,169
639,6/20/2011,2011,SLD,445,75,1,100,171
639,6/16/2014,2014,JJV,465,70,0,40,167
639,6/6/2014,2014,MAV,600,67,3,0,157
639,6/18/2014,2014,MAV,403,70,0,30,169
639,6/14/2012,2012,BSS,422,60,1,0,166
639,7/1/2014,2014,MAV,410,65,3,20,182
639,5/31/2013,2013,JDS,485,72,3,90,151
639,6/2/2011,2011,CLS,416,75,1,10,153
639,5/31/2012,2012,MAV,439,65,1,0,152
639,7/9/2013,2013,RRU,503,73,2,100,190
640,6/30/2011,2011,CAB,510,70,0,0,181
640,7/3/2012,2012,CAB,487,76,0,0,185
640,6/18/2013,2013,LMG,452,68,1,100,169
640,6/19/2011,2011,SLD,425,65,1,100,170
640,6/16/2014,2014,JJV,484,71,0,50,167
640,6/6/2014,2014,MAV,615,67,2,0,157
640,6/18/2014,2014,MAV,384,70,0,30,169
640,6/14/2012,2012,BSS,382,59,1,0,166
640,7/1/2014,2014,MAV,392,65,2,30,182
640,5/31/2013,2013,JDS,468,72,4,90,151
640,6/2/2011,2011,CLS,393,75,1,10,153
640,5/31/2012,2012,MAV,462,64,1,0,152
640,7/9/2013,2013,RRU,520,73,1,100,190
641,6/14/2012,2012,CAB,447,60,1,0,166
641,6/30/2011,2011,CAB,449,66,0,0,181
641,6/18/2013,2013,LMG,396,65,0,100,169
641,6/19/2011,2011,SLD,465,68,1,100,170
641,7/3/2012,2012,AEB,390,72,0,60,185
641,6/16/2014,2014,JJV,426,69,0,60,167
641,6/7/2014,2014,MAV,415,55,0,20,158
641,6/18/2014,2014,MAV,488,71,2,20,169
641,7/1/2014,2014,MAV,493,76,3,40,182
641,5/31/2013,2013,JDS,522,73,4,90,151
641,6/2/2011,2011,CLS,502,75,1,40,153
641,5/31/2012,2012,MAV,491,67,2,0,152
641,7/9/2013,2013,RRU,463,76,0,80,190
642,6/30/2011,2011,CAB,467,66,0,0,181
642,7/3/2012,2012,CAB,459,76,0,0,185
642,6/18/2013,2013,LMG,376,65,0,100,169
642,6/19/2011,2011,SLD,448,69,1,100,170
642,6/16/2014,2014,JJV,446,70,0,50,167
642,6/7/2014,2014,MAV,397,55,0,20,158
642,6/18/2014,2014,MAV,504,74,0,20,169
642,6/14/2012,2012,BSS,402,60,1,0,166
642,7/1/2014,2014,MAV,512,76,3,40,182
642,5/31/2013,2013,JDS,540,74,4,70,151
642,6/2/2011,2011,CLS,525,75,1,40,153
642,5/31/2012,2012,MAV,512,67,2,0,152
642,7/9/2013,2013,RRU,445,75,1,90,190
643,7/5/2011,2011,CAB,383,72,0,100,186
643,6/30/2012,2012,CAB,372,68,0,70,182
643,6/7/2011,2011,SLD,385,72,0,0,158
643,6/21/2014,2014,JDS,403,72,2,90,172
643,7/7/2014,2014,JDS,418,67,2,30,188
643,6/9/2014,2014,MAV,587,65,0,100,160
643,6/20/2014,2014,MAV,522,71,1,50,171
643,6/19/2012,2012,BSS,440,74,1,0,171
643,6/29/2013,2013,CLL,363,68,0,20,180
643,5/29/2013,2013,JDS,364,70,0,50,149
643,6/14/2011,2011,CLS,588,75,1,80,165
643,5/30/2012,2012,MAV,368,65,0,0,151
643,6/15/2013,2013,RRU,526,68,0,0,166
644,6/2/2012,2012,CAB,492,54,2,0,154
644,6/17/2011,2011,CAB,490,70,2,80,168
644,6/17/2013,2013,LMG,494,65,0,100,168
644,6/22/2014,2014,JDS,520,71,3,60,173
644,7/12/2011,2011,SLD,387,87,0,100,193
644,6/4/2014,2014,MAV,379,68,0,100,155
644,6/18/2012,2012,BSS,449,72,3,10,170
644,6/24/2014,2014,MAV,517,65,3,80,175
644,7/9/2014,2014,MAV,503,65,2,0,190
644,6/6/2011,2011,CLS,432,74,1,30,157
644,7/2/2013,2013,JDS,402,65,2,100,183
644,5/30/2013,2013,RRU,349,68,2,40,150
644,6/29/2012,2012,MAV,480,70,1,0,181
645,6/2/2012,2012,CAB,474,54,1,0,154
645,6/17/2011,2011,CAB,510,70,2,80,168
645,6/17/2013,2013,LMG,476,65,0,100,168
645,6/22/2014,2014,JDS,497,70,3,40,173
645,7/12/2011,2011,SLD,408,88,0,50,193
645,6/4/2014,2014,MAV,398,68,0,100,155
645,6/18/2012,2012,BSS,465,72,2,10,170
645,6/24/2014,2014,MAV,501,65,3,80,175
645,7/9/2014,2014,MAV,487,65,0,0,190
645,6/6/2011,2011,CLS,408,74,1,40,157
645,7/2/2013,2013,JDS,383,65,2,100,183
645,5/30/2013,2013,RRU,371,68,2,30,150
645,6/29/2012,2012,MAV,459,70,1,0,181
646,6/2/2012,2012,CAB,457,54,0,0,154
646,6/17/2011,2011,CAB,526,72,2,50,168
646,6/17/2013,2013,LMG,457,66,0,100,168
646,6/22/2014,2014,JDS,477,69,3,30,173
646,7/12/2011,2011,SLD,428,88,0,50,193
646,6/4/2014,2014,MAV,416,68,2,100,155
646,6/18/2012,2012,BSS,480,74,2,10,170
646,6/24/2014,2014,MAV,393,64,2,70,175
646,7/9/2014,2014,MAV,396,65,0,50,190
646,6/6/2011,2011,CLS,386,72,1,60,157
646,7/2/2013,2013,JDS,367,64,1,90,183
646,5/30/2013,2013,RRU,395,70,1,60,150
646,6/29/2012,2012,MAV,360,62,0,0,181
647,6/2/2012,2012,CAB,435,52,0,0,154
647,7/12/2011,2011,CAB,511,82,0,50,193
647,6/6/2011,2011,SLD,445,70,0,0,157
647,6/17/2013,2013,LMG,438,68,0,100,168
647,6/22/2014,2014,JDS,460,69,2,40,173
647,6/4/2014,2014,MAV,434,68,1,100,155
647,6/18/2012,2012,BSS,496,74,4,10,170
647,6/24/2014,2014,MAV,409,65,2,70,175
647,7/9/2014,2014,MAV,413,65,0,30,190
647,6/17/2011,2011,CLS,518,68,3,70,168
647,7/2/2013,2013,JDS,456,66,1,90,183
647,5/30/2013,2013,RRU,420,70,0,50,150
647,6/29/2012,2012,MAV,377,65,1,0,181
648,6/2/2012,2012,CAB,369,52,0,0,154
648,7/12/2011,2011,CAB,519,82,0,0,193
648,6/6/2011,2011,SLD,461,68,1,0,157
648,6/17/2013,2013,LMG,366,65,0,100,168
648,6/22/2014,2014,JDS,443,69,2,40,173
648,6/4/2014,2014,MAV,452,69,1,100,155
648,6/18/2012,2012,BSS,558,77,3,0,170
648,6/24/2014,2014,MAV,463,65,3,100,175
648,7/9/2014,2014,MAV,469,65,0,10,190
648,6/17/2011,2011,CLS,497,68,3,70,168
648,7/2/2013,2013,JDS,437,66,2,100,183
648,5/30/2013,2013,RRU,485,70,2,0,150
648,6/29/2012,2012,MAV,439,67,0,0,181
649,6/2/2012,2012,CAB,350,52,0,0,154
649,6/17/2011,2011,CAB,472,67,0,50,168
649,6/17/2013,2013,LMG,346,65,0,100,168
649,6/22/2014,2014,JDS,426,68,3,60,173
649,7/12/2011,2011,SLD,453,88,0,100,193
649,6/4/2014,2014,MAV,470,69,1,100,155
649,6/18/2012,2012,BSS,574,78,3,0,170
649,6/24/2014,2014,MAV,534,65,3,80,175
649,7/9/2014,2014,MAV,522,66,2,0,190
649,6/6/2011,2011,CLS,473,75,1,30,157
649,7/2/2013,2013,JDS,419,65,2,100,183
649,5/30/2013,2013,RRU,504,73,2,0,150
649,6/29/2012,2012,MAV,500,72,1,0,181
650,6/17/2011,2011,CAB,451,67,0,50,168
650,6/18/2012,2012,CAB,599,72,2,0,170
650,5/30/2013,2013,LMG,350,70,1,40,150
650,6/24/2014,2014,JDS,526,72,3,90,175
650,7/9/2014,2014,JDS,514,68,1,10,190
650,7/12/2011,2011,SLD,474,90,0,100,193
650,6/4/2014,2014,MAV,486,70,2,100,155
650,6/22/2014,2014,MAV,500,70,3,20,173
650,7/2/2013,2013,CLL,407,71,2,90,183
650,6/29/2012,2012,BSS,473,85,0,0,181
650,6/6/2011,2011,CLS,474,75,1,30,157
650,6/2/2012,2012,MAV,355,50,0,0,154
650,6/18/2013,2013,RRU,498,72,0,70,169
651,6/2/2012,2012,CAB,391,52,0,0,154
651,7/12/2011,2011,CAB,534,82,0,0,193
651,6/6/2011,2011,SLD,487,68,0,0,157
651,6/17/2013,2013,LMG,389,68,0,100,168
651,6/22/2014,2014,JDS,408,68,1,60,173
651,6/4/2014,2014,MAV,508,70,1,100,155
651,6/18/2012,2012,BSS,540,76,2,10,170
651,6/24/2014,2014,MAV,446,65,3,100,175
651,7/9/2014,2014,MAV,449,65,0,10,190
651,6/17/2011,2011,CLS,470,68,1,70,168
651,7/2/2013,2013,JDS,498,68,2,90,183
651,5/30/2013,2013,RRU,465,71,2,0,150
651,6/29/2012,2012,MAV,417,65,1,0,181
652,6/2/2012,2012,CAB,414,52,0,0,154
652,7/12/2011,2011,CAB,481,82,0,50,193
652,6/6/2011,2011,SLD,426,70,0,0,157
652,6/17/2013,2013,LMG,416,67,0,100,168
652,6/22/2014,2014,JDS,391,68,1,70,173
652,6/4/2014,2014,MAV,526,70,2,100,155
652,6/18/2012,2012,BSS,524,76,3,10,170
652,6/24/2014,2014,MAV,429,65,2,100,175
652,7/9/2014,2014,MAV,431,65,0,30,190
652,6/17/2011,2011,CLS,538,68,3,20,168
652,7/2/2013,2013,JDS,477,67,1,100,183
652,5/30/2013,2013,RRU,443,70,2,20,150
652,6/29/2012,2012,MAV,398,65,0,0,181
